reason,video_file,scene,episode,target,distance_to_goal_m,spl,source_path
continue_navigation,4ok3usBNeis__ep23_toilet_d2g1.1m.mp4,4ok3usBNeis,23,toilet,1.0913201570510864,0.0,/home/ashed/Documents/cosmos3_nav/OpenFrontier/output/of1000_sam3_cosmos3_cosmos3/4ok3usBNeis/failure/episode-23-toilet-continue_navigation/metrics.mp4
continue_navigation,5cdEh9F2hJL__ep18_tv_monitor_d2g0.1m.mp4,5cdEh9F2hJL,18,tv_monitor,0.05148493871092796,0.0,/home/ashed/Documents/cosmos3_nav/OpenFrontier/output/of1000_sam3_cosmos3_cosmos3/5cdEh9F2hJL/failure/episode-18-tv_monitor-continue_navigation/metrics.mp4
continue_navigation,5cdEh9F2hJL__ep19_tv_monitor_d2g0.0m.mp4,5cdEh9F2hJL,19,tv_monitor,0.0010508717969059944,0.0,/home/ashed/Documents/cosmos3_nav/OpenFrontier/output/of1000_sam3_cosmos3_cosmos3/5cdEh9F2hJL/failure/episode-19-tv_monitor-continue_navigation/metrics.mp4
continue_navigation,6s7QHgap2fW__ep08_toilet_d2g23.0m.mp4,6s7QHgap2fW,8,toilet,23.027379989624023,0.0,/home/ashed/Documents/cosmos3_nav/OpenFrontier/output/of1000_sam3_cosmos3_cosmos3/6s7QHgap2fW/failure/episode-8-toilet-continue_navigation/metrics.mp4
continue_navigation,6s7QHgap2fW__ep16_tv_monitor_d2g8.7m.mp4,6s7QHgap2fW,16,tv_monitor,8.742559432983398,0.0,/home/ashed/Documents/cosmos3_nav/OpenFrontier/output/of1000_sam3_cosmos3_cosmos3/6s7QHgap2fW/failure/episode-16-tv_monitor-continue_navigation/metrics.mp4
continue_navigation,6s7QHgap2fW__ep22_toilet_d2g22.0m.mp4,6s7QHgap2fW,22,toilet,22.002317428588867,0.0,/home/ashed/Documents/cosmos3_nav/OpenFrontier/output/of1000_sam3_cosmos3_cosmos3/6s7QHgap2fW/failure/episode-22-toilet-continue_navigation/metrics.mp4
continue_navigation,6s7QHgap2fW__ep24_sofa_d2g0.2m.mp4,6s7QHgap2fW,24,sofa,0.18771041929721832,0.0,/home/ashed/Documents/cosmos3_nav/OpenFrontier/output/of1000_sam3_cosmos3_cosmos3/6s7QHgap2fW/failure/episode-24-sofa-continue_navigation/metrics.mp4
continue_navigation,7MXmsvcQjpJ__ep02_sofa_d2g1.5m.mp4,7MXmsvcQjpJ,2,sofa,1.5282732248306274,0.0,/home/ashed/Documents/cosmos3_nav/OpenFrontier/output/of1000_sam3_cosmos3_cosmos3/7MXmsvcQjpJ/failure/episode-2-sofa-continue_navigation/metrics.mp4
continue_navigation,7MXmsvcQjpJ__ep08_plant_d2g6.5m.mp4,7MXmsvcQjpJ,8,plant,6.499821662902832,0.0,/home/ashed/Documents/cosmos3_nav/OpenFrontier/output/of1000_sam3_cosmos3_cosmos3/7MXmsvcQjpJ/failure/episode-8-plant-continue_navigation/metrics.mp4
continue_navigation,7MXmsvcQjpJ__ep11_chair_d2g9.0m.mp4,7MXmsvcQjpJ,11,chair,8.988077163696289,0.0,/home/ashed/Documents/cosmos3_nav/OpenFrontier/output/of1000_sam3_cosmos3_cosmos3/7MXmsvcQjpJ/failure/episode-11-chair-continue_navigation/metrics.mp4
continue_navigation,7MXmsvcQjpJ__ep12_plant_d2g4.4m.mp4,7MXmsvcQjpJ,12,plant,4.350762844085693,0.0,/home/ashed/Documents/cosmos3_nav/OpenFrontier/output/of1000_sam3_cosmos3_cosmos3/7MXmsvcQjpJ/failure/episode-12-plant-continue_navigation/metrics.mp4
continue_navigation,7MXmsvcQjpJ__ep14_plant_d2g8.9m.mp4,7MXmsvcQjpJ,14,plant,8.86999797821045,0.0,/home/ashed/Documents/cosmos3_nav/OpenFrontier/output/of1000_sam3_cosmos3_cosmos3/7MXmsvcQjpJ/failure/episode-14-plant-continue_navigation/metrics.mp4
continue_navigation,7MXmsvcQjpJ__ep16_chair_d2g6.5m.mp4,7MXmsvcQjpJ,16,chair,6.518529415130615,0.0,/home/ashed/Documents/cosmos3_nav/OpenFrontier/output/of1000_sam3_cosmos3_cosmos3/7MXmsvcQjpJ/failure/episode-16-chair-continue_navigation/metrics.mp4
continue_navigation,7MXmsvcQjpJ__ep17_chair_d2g6.3m.mp4,7MXmsvcQjpJ,17,chair,6.33982515335083,0.0,/home/ashed/Documents/cosmos3_nav/OpenFrontier/output/of1000_sam3_cosmos3_cosmos3/7MXmsvcQjpJ/failure/episode-17-chair-continue_navigation/metrics.mp4
continue_navigation,7MXmsvcQjpJ__ep21_sofa_d2g4.3m.mp4,7MXmsvcQjpJ,21,sofa,4.285813331604004,0.0,/home/ashed/Documents/cosmos3_nav/OpenFrontier/output/of1000_sam3_cosmos3_cosmos3/7MXmsvcQjpJ/failure/episode-21-sofa-continue_navigation/metrics.mp4
continue_navigation,7MXmsvcQjpJ__ep23_plant_d2g6.0m.mp4,7MXmsvcQjpJ,23,plant,5.989309787750244,0.0,/home/ashed/Documents/cosmos3_nav/OpenFrontier/output/of1000_sam3_cosmos3_cosmos3/7MXmsvcQjpJ/failure/episode-23-plant-continue_navigation/metrics.mp4
continue_navigation,7MXmsvcQjpJ__ep25_plant_d2g9.1m.mp4,7MXmsvcQjpJ,25,plant,9.13975715637207,0.0,/home/ashed/Documents/cosmos3_nav/OpenFrontier/output/of1000_sam3_cosmos3_cosmos3/7MXmsvcQjpJ/failure/episode-25-plant-continue_navigation/metrics.mp4
continue_navigation,7MXmsvcQjpJ__ep26_plant_d2g9.1m.mp4,7MXmsvcQjpJ,26,plant,9.102203369140625,0.0,/home/ashed/Documents/cosmos3_nav/OpenFrontier/output/of1000_sam3_cosmos3_cosmos3/7MXmsvcQjpJ/failure/episode-26-plant-continue_navigation/metrics.mp4
continue_navigation,BAbdmeyTvMZ__ep03_toilet_d2g4.7m.mp4,BAbdmeyTvMZ,3,toilet,4.728273391723633,0.0,/home/ashed/Documents/cosmos3_nav/OpenFrontier/output/of1000_sam3_cosmos3_cosmos3/BAbdmeyTvMZ/failure/episode-3-toilet-continue_navigation/metrics.mp4
continue_navigation,BAbdmeyTvMZ__ep06_toilet_d2g4.7m.mp4,BAbdmeyTvMZ,6,toilet,4.731152534484863,0.0,/home/ashed/Documents/cosmos3_nav/OpenFrontier/output/of1000_sam3_cosmos3_cosmos3/BAbdmeyTvMZ/failure/episode-6-toilet-continue_navigation/metrics.mp4
continue_navigation,BAbdmeyTvMZ__ep18_toilet_d2g4.7m.mp4,BAbdmeyTvMZ,18,toilet,4.7311553955078125,0.0,/home/ashed/Documents/cosmos3_nav/OpenFrontier/output/of1000_sam3_cosmos3_cosmos3/BAbdmeyTvMZ/failure/episode-18-toilet-continue_navigation/metrics.mp4
continue_navigation,CrMo8WxCyVb__ep00_plant_d2g0.1m.mp4,CrMo8WxCyVb,0,plant,0.11410655081272125,0.0,/home/ashed/Documents/cosmos3_nav/OpenFrontier/output/of1000_sam3_cosmos3_cosmos3/CrMo8WxCyVb/failure/episode-0-plant-continue_navigation/metrics.mp4
continue_navigation,CrMo8WxCyVb__ep05_toilet_d2g2.3m.mp4,CrMo8WxCyVb,5,toilet,2.323561191558838,0.0,/home/ashed/Documents/cosmos3_nav/OpenFrontier/output/of1000_sam3_cosmos3_cosmos3/CrMo8WxCyVb/failure/episode-5-toilet-continue_navigation/metrics.mp4
continue_navigation,CrMo8WxCyVb__ep13_chair_d2g5.2m.mp4,CrMo8WxCyVb,13,chair,5.162153244018555,0.0,/home/ashed/Documents/cosmos3_nav/OpenFrontier/output/of1000_sam3_cosmos3_cosmos3/CrMo8WxCyVb/failure/episode-13-chair-continue_navigation/metrics.mp4
continue_navigation,CrMo8WxCyVb__ep17_plant_d2g1.3m.mp4,CrMo8WxCyVb,17,plant,1.289534330368042,0.0,/home/ashed/Documents/cosmos3_nav/OpenFrontier/output/of1000_sam3_cosmos3_cosmos3/CrMo8WxCyVb/failure/episode-17-plant-continue_navigation/metrics.mp4
continue_navigation,CrMo8WxCyVb__ep27_toilet_d2g0.1m.mp4,CrMo8WxCyVb,27,toilet,0.10840173810720444,0.0,/home/ashed/Documents/cosmos3_nav/OpenFrontier/output/of1000_sam3_cosmos3_cosmos3/CrMo8WxCyVb/failure/episode-27-toilet-continue_navigation/metrics.mp4
continue_navigation,DYehNKdT76V__ep01_toilet_d2g14.9m.mp4,DYehNKdT76V,1,toilet,14.85411262512207,0.0,/home/ashed/Documents/cosmos3_nav/OpenFrontier/output/of1000_sam3_cosmos3_cosmos3/DYehNKdT76V/failure/episode-1-toilet-continue_navigation/metrics.mp4
continue_navigation,DYehNKdT76V__ep05_chair_d2g0.0m.mp4,DYehNKdT76V,5,chair,0.03330039978027344,0.0,/home/ashed/Documents/cosmos3_nav/OpenFrontier/output/of1000_sam3_cosmos3_cosmos3/DYehNKdT76V/failure/episode-5-chair-continue_navigation/metrics.mp4
continue_navigation,DYehNKdT76V__ep06_toilet_d2g1.5m.mp4,DYehNKdT76V,6,toilet,1.4874091148376465,0.0,/home/ashed/Documents/cosmos3_nav/OpenFrontier/output/of1000_sam3_cosmos3_cosmos3/DYehNKdT76V/failure/episode-6-toilet-continue_navigation/metrics.mp4
continue_navigation,DYehNKdT76V__ep10_bed_d2g14.9m.mp4,DYehNKdT76V,10,bed,14.875102996826172,0.0,/home/ashed/Documents/cosmos3_nav/OpenFrontier/output/of1000_sam3_cosmos3_cosmos3/DYehNKdT76V/failure/episode-10-bed-continue_navigation/metrics.mp4
continue_navigation,DYehNKdT76V__ep24_plant_d2g1.9m.mp4,DYehNKdT76V,24,plant,1.9386249780654907,0.0,/home/ashed/Documents/cosmos3_nav/OpenFrontier/output/of1000_sam3_cosmos3_cosmos3/DYehNKdT76V/failure/episode-24-plant-continue_navigation/metrics.mp4
continue_navigation,DYehNKdT76V__ep25_bed_d2g2.6m.mp4,DYehNKdT76V,25,bed,2.6238508224487305,0.0,/home/ashed/Documents/cosmos3_nav/OpenFrontier/output/of1000_sam3_cosmos3_cosmos3/DYehNKdT76V/failure/episode-25-bed-continue_navigation/metrics.mp4
continue_navigation,DYehNKdT76V__ep27_plant_d2g3.4m.mp4,DYehNKdT76V,27,plant,3.442033052444458,0.0,/home/ashed/Documents/cosmos3_nav/OpenFrontier/output/of1000_sam3_cosmos3_cosmos3/DYehNKdT76V/failure/episode-27-plant-continue_navigation/metrics.mp4
continue_navigation,Dd4bFSTQ8gi__ep10_toilet_d2g0.1m.mp4,Dd4bFSTQ8gi,10,toilet,0.0601072832942009,0.0,/home/ashed/Documents/cosmos3_nav/OpenFrontier/output/of1000_sam3_cosmos3_cosmos3/Dd4bFSTQ8gi/failure/episode-10-toilet-continue_navigation/metrics.mp4
continue_navigation,Dd4bFSTQ8gi__ep24_toilet_d2g16.5m.mp4,Dd4bFSTQ8gi,24,toilet,16.53636360168457,0.0,/home/ashed/Documents/cosmos3_nav/OpenFrontier/output/of1000_sam3_cosmos3_cosmos3/Dd4bFSTQ8gi/failure/episode-24-toilet-continue_navigation/metrics.mp4
continue_navigation,Dd4bFSTQ8gi__ep25_chair_d2g3.6m.mp4,Dd4bFSTQ8gi,25,chair,3.5990426540374756,0.0,/home/ashed/Documents/cosmos3_nav/OpenFrontier/output/of1000_sam3_cosmos3_cosmos3/Dd4bFSTQ8gi/failure/episode-25-chair-continue_navigation/metrics.mp4
continue_navigation,GLAQ4DNUx5U__ep02_toilet_d2g0.6m.mp4,GLAQ4DNUx5U,2,toilet,0.6475592851638794,0.0,/home/ashed/Documents/cosmos3_nav/OpenFrontier/output/of1000_sam3_cosmos3_cosmos3/GLAQ4DNUx5U/failure/episode-2-toilet-continue_navigation/metrics.mp4
continue_navigation,GLAQ4DNUx5U__ep06_bed_d2g5.8m.mp4,GLAQ4DNUx5U,6,bed,5.765599250793457,0.0,/home/ashed/Documents/cosmos3_nav/OpenFrontier/output/of1000_sam3_cosmos3_cosmos3/GLAQ4DNUx5U/failure/episode-6-bed-continue_navigation/metrics.mp4
continue_navigation,GLAQ4DNUx5U__ep12_plant_d2g3.5m.mp4,GLAQ4DNUx5U,12,plant,3.522995948791504,0.0,/home/ashed/Documents/cosmos3_nav/OpenFrontier/output/of1000_sam3_cosmos3_cosmos3/GLAQ4DNUx5U/failure/episode-12-plant-continue_navigation/metrics.mp4
continue_navigation,GLAQ4DNUx5U__ep17_tv_monitor_d2g5.1m.mp4,GLAQ4DNUx5U,17,tv_monitor,5.076281547546387,0.0,/home/ashed/Documents/cosmos3_nav/OpenFrontier/output/of1000_sam3_cosmos3_cosmos3/GLAQ4DNUx5U/failure/episode-17-tv_monitor-continue_navigation/metrics.mp4
continue_navigation,GLAQ4DNUx5U__ep21_tv_monitor_d2g13.5m.mp4,GLAQ4DNUx5U,21,tv_monitor,13.501903533935547,0.0,/home/ashed/Documents/cosmos3_nav/OpenFrontier/output/of1000_sam3_cosmos3_cosmos3/GLAQ4DNUx5U/failure/episode-21-tv_monitor-continue_navigation/metrics.mp4
continue_navigation,GLAQ4DNUx5U__ep27_plant_d2g2.2m.mp4,GLAQ4DNUx5U,27,plant,2.1982336044311523,0.0,/home/ashed/Documents/cosmos3_nav/OpenFrontier/output/of1000_sam3_cosmos3_cosmos3/GLAQ4DNUx5U/failure/episode-27-plant-continue_navigation/metrics.mp4
continue_navigation,HY1NcmCgn3n__ep07_tv_monitor_d2g5.5m.mp4,HY1NcmCgn3n,7,tv_monitor,5.515543460845947,0.0,/home/ashed/Documents/cosmos3_nav/OpenFrontier/output/of1000_sam3_cosmos3_cosmos3/HY1NcmCgn3n/failure/episode-7-tv_monitor-continue_navigation/metrics.mp4
continue_navigation,HY1NcmCgn3n__ep10_tv_monitor_d2g2.2m.mp4,HY1NcmCgn3n,10,tv_monitor,2.2490904331207275,0.0,/home/ashed/Documents/cosmos3_nav/OpenFrontier/output/of1000_sam3_cosmos3_cosmos3/HY1NcmCgn3n/failure/episode-10-tv_monitor-continue_navigation/metrics.mp4
continue_navigation,HY1NcmCgn3n__ep18_tv_monitor_d2g2.3m.mp4,HY1NcmCgn3n,18,tv_monitor,2.3194334506988525,0.0,/home/ashed/Documents/cosmos3_nav/OpenFrontier/output/of1000_sam3_cosmos3_cosmos3/HY1NcmCgn3n/failure/episode-18-tv_monitor-continue_navigation/metrics.mp4
continue_navigation,HY1NcmCgn3n__ep19_tv_monitor_d2g2.3m.mp4,HY1NcmCgn3n,19,tv_monitor,2.2789499759674072,0.0,/home/ashed/Documents/cosmos3_nav/OpenFrontier/output/of1000_sam3_cosmos3_cosmos3/HY1NcmCgn3n/failure/episode-19-tv_monitor-continue_navigation/metrics.mp4
continue_navigation,HY1NcmCgn3n__ep20_tv_monitor_d2g0.2m.mp4,HY1NcmCgn3n,20,tv_monitor,0.17996975779533386,0.0,/home/ashed/Documents/cosmos3_nav/OpenFrontier/output/of1000_sam3_cosmos3_cosmos3/HY1NcmCgn3n/failure/episode-20-tv_monitor-continue_navigation/metrics.mp4
continue_navigation,HY1NcmCgn3n__ep25_tv_monitor_d2g12.1m.mp4,HY1NcmCgn3n,25,tv_monitor,12.127335548400879,0.0,/home/ashed/Documents/cosmos3_nav/OpenFrontier/output/of1000_sam3_cosmos3_cosmos3/HY1NcmCgn3n/failure/episode-25-tv_monitor-continue_navigation/metrics.mp4
continue_navigation,LT9Jq6dN3Ea__ep12_toilet_d2g4.4m.mp4,LT9Jq6dN3Ea,12,toilet,4.387905120849609,0.0,/home/ashed/Documents/cosmos3_nav/OpenFrontier/output/of1000_sam3_cosmos3_cosmos3/LT9Jq6dN3Ea/failure/episode-12-toilet-continue_navigation/metrics.mp4
continue_navigation,MHPLjHsuG27__ep04_sofa_d2g0.5m.mp4,MHPLjHsuG27,4,sofa,0.5096161961555481,0.0,/home/ashed/Documents/cosmos3_nav/OpenFrontier/output/of1000_sam3_cosmos3_cosmos3/MHPLjHsuG27/failure/episode-4-sofa-continue_navigation/metrics.mp4
continue_navigation,MHPLjHsuG27__ep05_bed_d2g3.1m.mp4,MHPLjHsuG27,5,bed,3.116023540496826,0.0,/home/ashed/Documents/cosmos3_nav/OpenFrontier/output/of1000_sam3_cosmos3_cosmos3/MHPLjHsuG27/failure/episode-5-bed-continue_navigation/metrics.mp4
continue_navigation,MHPLjHsuG27__ep09_tv_monitor_d2g2.1m.mp4,MHPLjHsuG27,9,tv_monitor,2.14926815032959,0.0,/home/ashed/Documents/cosmos3_nav/OpenFrontier/output/of1000_sam3_cosmos3_cosmos3/MHPLjHsuG27/failure/episode-9-tv_monitor-continue_navigation/metrics.mp4
continue_navigation,MHPLjHsuG27__ep11_toilet_d2g2.1m.mp4,MHPLjHsuG27,11,toilet,2.0703067779541016,0.0,/home/ashed/Documents/cosmos3_nav/OpenFrontier/output/of1000_sam3_cosmos3_cosmos3/MHPLjHsuG27/failure/episode-11-toilet-continue_navigation/metrics.mp4
continue_navigation,MHPLjHsuG27__ep16_tv_monitor_d2g1.1m.mp4,MHPLjHsuG27,16,tv_monitor,1.1425879001617432,0.0,/home/ashed/Documents/cosmos3_nav/OpenFrontier/output/of1000_sam3_cosmos3_cosmos3/MHPLjHsuG27/failure/episode-16-tv_monitor-continue_navigation/metrics.mp4
continue_navigation,MHPLjHsuG27__ep22_sofa_d2g3.5m.mp4,MHPLjHsuG27,22,sofa,3.450889825820923,0.0,/home/ashed/Documents/cosmos3_nav/OpenFrontier/output/of1000_sam3_cosmos3_cosmos3/MHPLjHsuG27/failure/episode-22-sofa-continue_navigation/metrics.mp4
continue_navigation,MHPLjHsuG27__ep23_sofa_d2g0.3m.mp4,MHPLjHsuG27,23,sofa,0.3358882665634155,0.0,/home/ashed/Documents/cosmos3_nav/OpenFrontier/output/of1000_sam3_cosmos3_cosmos3/MHPLjHsuG27/failure/episode-23-sofa-continue_navigation/metrics.mp4
continue_navigation,MHPLjHsuG27__ep24_bed_d2g0.7m.mp4,MHPLjHsuG27,24,bed,0.6758708357810974,0.0,/home/ashed/Documents/cosmos3_nav/OpenFrontier/output/of1000_sam3_cosmos3_cosmos3/MHPLjHsuG27/failure/episode-24-bed-continue_navigation/metrics.mp4
continue_navigation,Nfvxx8J5NCo__ep14_toilet_d2g4.6m.mp4,Nfvxx8J5NCo,14,toilet,4.555906772613525,0.0,/home/ashed/Documents/cosmos3_nav/OpenFrontier/output/of1000_sam3_cosmos3_cosmos3/Nfvxx8J5NCo/failure/episode-14-toilet-continue_navigation/metrics.mp4
continue_navigation,Nfvxx8J5NCo__ep21_toilet_d2g2.8m.mp4,Nfvxx8J5NCo,21,toilet,2.7829082012176514,0.0,/home/ashed/Documents/cosmos3_nav/OpenFrontier/output/of1000_sam3_cosmos3_cosmos3/Nfvxx8J5NCo/failure/episode-21-toilet-continue_navigation/metrics.mp4
continue_navigation,TEEsavR23oF__ep08_bed_d2g5.8m.mp4,TEEsavR23oF,8,bed,5.8196234703063965,0.0,/home/ashed/Documents/cosmos3_nav/OpenFrontier/output/of1000_sam3_cosmos3_cosmos3/TEEsavR23oF/failure/episode-8-bed-continue_navigation/metrics.mp4
continue_navigation,TEEsavR23oF__ep11_toilet_d2g2.8m.mp4,TEEsavR23oF,11,toilet,2.801358938217163,0.0,/home/ashed/Documents/cosmos3_nav/OpenFrontier/output/of1000_sam3_cosmos3_cosmos3/TEEsavR23oF/failure/episode-11-toilet-continue_navigation/metrics.mp4
continue_navigation,TEEsavR23oF__ep12_toilet_d2g3.1m.mp4,TEEsavR23oF,12,toilet,3.1457784175872803,0.0,/home/ashed/Documents/cosmos3_nav/OpenFrontier/output/of1000_sam3_cosmos3_cosmos3/TEEsavR23oF/failure/episode-12-toilet-continue_navigation/metrics.mp4
continue_navigation,TEEsavR23oF__ep13_bed_d2g4.0m.mp4,TEEsavR23oF,13,bed,4.004002571105957,0.0,/home/ashed/Documents/cosmos3_nav/OpenFrontier/output/of1000_sam3_cosmos3_cosmos3/TEEsavR23oF/failure/episode-13-bed-continue_navigation/metrics.mp4
continue_navigation,TEEsavR23oF__ep18_plant_d2g3.8m.mp4,TEEsavR23oF,18,plant,3.7618722915649414,0.0,/home/ashed/Documents/cosmos3_nav/OpenFrontier/output/of1000_sam3_cosmos3_cosmos3/TEEsavR23oF/failure/episode-18-plant-continue_navigation/metrics.mp4
continue_navigation,TEEsavR23oF__ep26_plant_d2g3.5m.mp4,TEEsavR23oF,26,plant,3.4692623615264893,0.0,/home/ashed/Documents/cosmos3_nav/OpenFrontier/output/of1000_sam3_cosmos3_cosmos3/TEEsavR23oF/failure/episode-26-plant-continue_navigation/metrics.mp4
continue_navigation,TEEsavR23oF__ep27_bed_d2g12.7m.mp4,TEEsavR23oF,27,bed,12.666421890258789,0.0,/home/ashed/Documents/cosmos3_nav/OpenFrontier/output/of1000_sam3_cosmos3_cosmos3/TEEsavR23oF/failure/episode-27-bed-continue_navigation/metrics.mp4
continue_navigation,VBzV5z6i1WS__ep07_toilet_d2g1.1m.mp4,VBzV5z6i1WS,7,toilet,1.1197144985198975,0.0,/home/ashed/Documents/cosmos3_nav/OpenFrontier/output/of1000_sam3_cosmos3_cosmos3/VBzV5z6i1WS/failure/episode-7-toilet-continue_navigation/metrics.mp4
continue_navigation,XB4GS9ShBRE__ep07_toilet_d2g1.3m.mp4,XB4GS9ShBRE,7,toilet,1.3318326473236084,0.0,/home/ashed/Documents/cosmos3_nav/OpenFrontier/output/of1000_sam3_cosmos3_cosmos3/XB4GS9ShBRE/failure/episode-7-toilet-continue_navigation/metrics.mp4
continue_navigation,XB4GS9ShBRE__ep12_toilet_d2g2.9m.mp4,XB4GS9ShBRE,12,toilet,2.8842175006866455,0.0,/home/ashed/Documents/cosmos3_nav/OpenFrontier/output/of1000_sam3_cosmos3_cosmos3/XB4GS9ShBRE/failure/episode-12-toilet-continue_navigation/metrics.mp4
continue_navigation,XB4GS9ShBRE__ep13_toilet_d2g4.4m.mp4,XB4GS9ShBRE,13,toilet,4.354187488555908,0.0,/home/ashed/Documents/cosmos3_nav/OpenFrontier/output/of1000_sam3_cosmos3_cosmos3/XB4GS9ShBRE/failure/episode-13-toilet-continue_navigation/metrics.mp4
continue_navigation,XB4GS9ShBRE__ep16_chair_d2g2.9m.mp4,XB4GS9ShBRE,16,chair,2.936159133911133,0.0,/home/ashed/Documents/cosmos3_nav/OpenFrontier/output/of1000_sam3_cosmos3_cosmos3/XB4GS9ShBRE/failure/episode-16-chair-continue_navigation/metrics.mp4
continue_navigation,XB4GS9ShBRE__ep21_toilet_d2g0.1m.mp4,XB4GS9ShBRE,21,toilet,0.051019299775362015,0.0,/home/ashed/Documents/cosmos3_nav/OpenFrontier/output/of1000_sam3_cosmos3_cosmos3/XB4GS9ShBRE/failure/episode-21-toilet-continue_navigation/metrics.mp4
continue_navigation,a8BtkwhxdRV__ep09_bed_d2g5.5m.mp4,a8BtkwhxdRV,9,bed,5.466665744781494,0.0,/home/ashed/Documents/cosmos3_nav/OpenFrontier/output/of1000_sam3_cosmos3_cosmos3/a8BtkwhxdRV/failure/episode-9-bed-continue_navigation/metrics.mp4
continue_navigation,a8BtkwhxdRV__ep11_sofa_d2g0.0m.mp4,a8BtkwhxdRV,11,sofa,0.03758418560028076,0.0,/home/ashed/Documents/cosmos3_nav/OpenFrontier/output/of1000_sam3_cosmos3_cosmos3/a8BtkwhxdRV/failure/episode-11-sofa-continue_navigation/metrics.mp4
continue_navigation,a8BtkwhxdRV__ep14_sofa_d2g0.1m.mp4,a8BtkwhxdRV,14,sofa,0.0888281911611557,0.0,/home/ashed/Documents/cosmos3_nav/OpenFrontier/output/of1000_sam3_cosmos3_cosmos3/a8BtkwhxdRV/failure/episode-14-sofa-continue_navigation/metrics.mp4
continue_navigation,a8BtkwhxdRV__ep16_toilet_d2g2.0m.mp4,a8BtkwhxdRV,16,toilet,2.0389223098754883,0.0,/home/ashed/Documents/cosmos3_nav/OpenFrontier/output/of1000_sam3_cosmos3_cosmos3/a8BtkwhxdRV/failure/episode-16-toilet-continue_navigation/metrics.mp4
continue_navigation,a8BtkwhxdRV__ep24_toilet_d2g3.9m.mp4,a8BtkwhxdRV,24,toilet,3.9387497901916504,0.0,/home/ashed/Documents/cosmos3_nav/OpenFrontier/output/of1000_sam3_cosmos3_cosmos3/a8BtkwhxdRV/failure/episode-24-toilet-continue_navigation/metrics.mp4
continue_navigation,bCPU9suPUw9__ep03_sofa_d2g6.6m.mp4,bCPU9suPUw9,3,sofa,6.588780403137207,0.0,/home/ashed/Documents/cosmos3_nav/OpenFrontier/output/of1000_sam3_cosmos3_cosmos3/bCPU9suPUw9/failure/episode-3-sofa-continue_navigation/metrics.mp4
continue_navigation,bCPU9suPUw9__ep10_toilet_d2g3.5m.mp4,bCPU9suPUw9,10,toilet,3.4718306064605713,0.0,/home/ashed/Documents/cosmos3_nav/OpenFrontier/output/of1000_sam3_cosmos3_cosmos3/bCPU9suPUw9/failure/episode-10-toilet-continue_navigation/metrics.mp4
continue_navigation,bCPU9suPUw9__ep22_toilet_d2g2.9m.mp4,bCPU9suPUw9,22,toilet,2.8783633708953857,0.0,/home/ashed/Documents/cosmos3_nav/OpenFrontier/output/of1000_sam3_cosmos3_cosmos3/bCPU9suPUw9/failure/episode-22-toilet-continue_navigation/metrics.mp4
continue_navigation,bCPU9suPUw9__ep25_toilet_d2g2.9m.mp4,bCPU9suPUw9,25,toilet,2.882908821105957,0.0,/home/ashed/Documents/cosmos3_nav/OpenFrontier/output/of1000_sam3_cosmos3_cosmos3/bCPU9suPUw9/failure/episode-25-toilet-continue_navigation/metrics.mp4
continue_navigation,eF36g7L6Z9M__ep04_plant_d2g10.3m.mp4,eF36g7L6Z9M,4,plant,10.31941032409668,0.0,/home/ashed/Documents/cosmos3_nav/OpenFrontier/output/of1000_sam3_cosmos3_cosmos3/eF36g7L6Z9M/failure/episode-4-plant-continue_navigation/metrics.mp4
continue_navigation,eF36g7L6Z9M__ep08_plant_d2g2.2m.mp4,eF36g7L6Z9M,8,plant,2.1521902084350586,0.0,/home/ashed/Documents/cosmos3_nav/OpenFrontier/output/of1000_sam3_cosmos3_cosmos3/eF36g7L6Z9M/failure/episode-8-plant-continue_navigation/metrics.mp4
continue_navigation,eF36g7L6Z9M__ep14_bed_d2g15.4m.mp4,eF36g7L6Z9M,14,bed,15.399173736572266,0.0,/home/ashed/Documents/cosmos3_nav/OpenFrontier/output/of1000_sam3_cosmos3_cosmos3/eF36g7L6Z9M/failure/episode-14-bed-continue_navigation/metrics.mp4
continue_navigation,h1zeeAwLh9Z__ep01_toilet_d2g1.2m.mp4,h1zeeAwLh9Z,1,toilet,1.1718405485153198,0.0,/home/ashed/Documents/cosmos3_nav/OpenFrontier/output/of1000_sam3_cosmos3_cosmos3/h1zeeAwLh9Z/failure/episode-1-toilet-continue_navigation/metrics.mp4
continue_navigation,h1zeeAwLh9Z__ep15_toilet_d2g1.8m.mp4,h1zeeAwLh9Z,15,toilet,1.7897027730941772,0.0,/home/ashed/Documents/cosmos3_nav/OpenFrontier/output/of1000_sam3_cosmos3_cosmos3/h1zeeAwLh9Z/failure/episode-15-toilet-continue_navigation/metrics.mp4
continue_navigation,h1zeeAwLh9Z__ep18_toilet_d2g3.7m.mp4,h1zeeAwLh9Z,18,toilet,3.736636161804199,0.0,/home/ashed/Documents/cosmos3_nav/OpenFrontier/output/of1000_sam3_cosmos3_cosmos3/h1zeeAwLh9Z/failure/episode-18-toilet-continue_navigation/metrics.mp4
continue_navigation,k1cupFYWXJ6__ep13_sofa_d2g5.1m.mp4,k1cupFYWXJ6,13,sofa,5.1368608474731445,0.0,/home/ashed/Documents/cosmos3_nav/OpenFrontier/output/of1000_sam3_cosmos3_cosmos3/k1cupFYWXJ6/failure/episode-13-sofa-continue_navigation/metrics.mp4
continue_navigation,k1cupFYWXJ6__ep15_sofa_d2g13.7m.mp4,k1cupFYWXJ6,15,sofa,13.650797843933105,0.0,/home/ashed/Documents/cosmos3_nav/OpenFrontier/output/of1000_sam3_cosmos3_cosmos3/k1cupFYWXJ6/failure/episode-15-sofa-continue_navigation/metrics.mp4
continue_navigation,k1cupFYWXJ6__ep17_sofa_d2g0.5m.mp4,k1cupFYWXJ6,17,sofa,0.45603927969932556,0.0,/home/ashed/Documents/cosmos3_nav/OpenFrontier/output/of1000_sam3_cosmos3_cosmos3/k1cupFYWXJ6/failure/episode-17-sofa-continue_navigation/metrics.mp4
continue_navigation,k1cupFYWXJ6__ep26_sofa_d2g4.9m.mp4,k1cupFYWXJ6,26,sofa,4.880288124084473,0.0,/home/ashed/Documents/cosmos3_nav/OpenFrontier/output/of1000_sam3_cosmos3_cosmos3/k1cupFYWXJ6/failure/episode-26-sofa-continue_navigation/metrics.mp4
continue_navigation,mL8ThkuaVTM__ep14_sofa_d2g4.6m.mp4,mL8ThkuaVTM,14,sofa,4.62132453918457,0.0,/home/ashed/Documents/cosmos3_nav/OpenFrontier/output/of1000_sam3_cosmos3_cosmos3/mL8ThkuaVTM/failure/episode-14-sofa-continue_navigation/metrics.mp4
continue_navigation,mv2HUxq3B53__ep02_toilet_d2g9.2m.mp4,mv2HUxq3B53,2,toilet,9.249409675598145,0.0,/home/ashed/Documents/cosmos3_nav/OpenFrontier/output/of1000_sam3_cosmos3_cosmos3/mv2HUxq3B53/failure/episode-2-toilet-continue_navigation/metrics.mp4
continue_navigation,mv2HUxq3B53__ep04_toilet_d2g9.1m.mp4,mv2HUxq3B53,4,toilet,9.109871864318848,0.0,/home/ashed/Documents/cosmos3_nav/OpenFrontier/output/of1000_sam3_cosmos3_cosmos3/mv2HUxq3B53/failure/episode-4-toilet-continue_navigation/metrics.mp4
continue_navigation,mv2HUxq3B53__ep10_toilet_d2g0.8m.mp4,mv2HUxq3B53,10,toilet,0.7728530168533325,0.0,/home/ashed/Documents/cosmos3_nav/OpenFrontier/output/of1000_sam3_cosmos3_cosmos3/mv2HUxq3B53/failure/episode-10-toilet-continue_navigation/metrics.mp4
continue_navigation,mv2HUxq3B53__ep12_plant_d2g5.7m.mp4,mv2HUxq3B53,12,plant,5.679543972015381,0.0,/home/ashed/Documents/cosmos3_nav/OpenFrontier/output/of1000_sam3_cosmos3_cosmos3/mv2HUxq3B53/failure/episode-12-plant-continue_navigation/metrics.mp4
continue_navigation,p53SfW6mjZe__ep01_tv_monitor_d2g9.9m.mp4,p53SfW6mjZe,1,tv_monitor,9.943543434143066,0.0,/home/ashed/Documents/cosmos3_nav/OpenFrontier/output/of1000_sam3_cosmos3_cosmos3/p53SfW6mjZe/failure/episode-1-tv_monitor-continue_navigation/metrics.mp4
continue_navigation,p53SfW6mjZe__ep04_toilet_d2g13.4m.mp4,p53SfW6mjZe,4,toilet,13.372703552246094,0.0,/home/ashed/Documents/cosmos3_nav/OpenFrontier/output/of1000_sam3_cosmos3_cosmos3/p53SfW6mjZe/failure/episode-4-toilet-continue_navigation/metrics.mp4
continue_navigation,p53SfW6mjZe__ep09_chair_d2g15.1m.mp4,p53SfW6mjZe,9,chair,15.110374450683594,0.0,/home/ashed/Documents/cosmos3_nav/OpenFrontier/output/of1000_sam3_cosmos3_cosmos3/p53SfW6mjZe/failure/episode-9-chair-continue_navigation/metrics.mp4
continue_navigation,p53SfW6mjZe__ep11_toilet_d2g11.3m.mp4,p53SfW6mjZe,11,toilet,11.309773445129395,0.0,/home/ashed/Documents/cosmos3_nav/OpenFrontier/output/of1000_sam3_cosmos3_cosmos3/p53SfW6mjZe/failure/episode-11-toilet-continue_navigation/metrics.mp4
continue_navigation,p53SfW6mjZe__ep26_toilet_d2g7.2m.mp4,p53SfW6mjZe,26,toilet,7.190879821777344,0.0,/home/ashed/Documents/cosmos3_nav/OpenFrontier/output/of1000_sam3_cosmos3_cosmos3/p53SfW6mjZe/failure/episode-26-toilet-continue_navigation/metrics.mp4
continue_navigation,q3zU7Yy5E5s__ep20_toilet_d2g2.8m.mp4,q3zU7Yy5E5s,20,toilet,2.8042142391204834,0.0,/home/ashed/Documents/cosmos3_nav/OpenFrontier/output/of1000_sam3_cosmos3_cosmos3/q3zU7Yy5E5s/failure/episode-20-toilet-continue_navigation/metrics.mp4
continue_navigation,q5QZSEeHe5g__ep01_tv_monitor_d2g5.1m.mp4,q5QZSEeHe5g,1,tv_monitor,5.110732078552246,0.0,/home/ashed/Documents/cosmos3_nav/OpenFrontier/output/of1000_sam3_cosmos3_cosmos3/q5QZSEeHe5g/failure/episode-1-tv_monitor-continue_navigation/metrics.mp4
continue_navigation,q5QZSEeHe5g__ep02_bed_d2g7.4m.mp4,q5QZSEeHe5g,2,bed,7.367532253265381,0.0,/home/ashed/Documents/cosmos3_nav/OpenFrontier/output/of1000_sam3_cosmos3_cosmos3/q5QZSEeHe5g/failure/episode-2-bed-continue_navigation/metrics.mp4
continue_navigation,q5QZSEeHe5g__ep07_plant_d2g6.2m.mp4,q5QZSEeHe5g,7,plant,6.192375183105469,0.0,/home/ashed/Documents/cosmos3_nav/OpenFrontier/output/of1000_sam3_cosmos3_cosmos3/q5QZSEeHe5g/failure/episode-7-plant-continue_navigation/metrics.mp4
continue_navigation,q5QZSEeHe5g__ep08_plant_d2g0.8m.mp4,q5QZSEeHe5g,8,plant,0.8465311527252197,0.0,/home/ashed/Documents/cosmos3_nav/OpenFrontier/output/of1000_sam3_cosmos3_cosmos3/q5QZSEeHe5g/failure/episode-8-plant-continue_navigation/metrics.mp4
continue_navigation,q5QZSEeHe5g__ep13_plant_d2g5.9m.mp4,q5QZSEeHe5g,13,plant,5.889935493469238,0.0,/home/ashed/Documents/cosmos3_nav/OpenFrontier/output/of1000_sam3_cosmos3_cosmos3/q5QZSEeHe5g/failure/episode-13-plant-continue_navigation/metrics.mp4
continue_navigation,q5QZSEeHe5g__ep17_bed_d2g5.8m.mp4,q5QZSEeHe5g,17,bed,5.795731067657471,0.0,/home/ashed/Documents/cosmos3_nav/OpenFrontier/output/of1000_sam3_cosmos3_cosmos3/q5QZSEeHe5g/failure/episode-17-bed-continue_navigation/metrics.mp4
continue_navigation,q5QZSEeHe5g__ep21_toilet_d2g8.3m.mp4,q5QZSEeHe5g,21,toilet,8.334090232849121,0.0,/home/ashed/Documents/cosmos3_nav/OpenFrontier/output/of1000_sam3_cosmos3_cosmos3/q5QZSEeHe5g/failure/episode-21-toilet-continue_navigation/metrics.mp4
continue_navigation,q5QZSEeHe5g__ep22_tv_monitor_d2g6.7m.mp4,q5QZSEeHe5g,22,tv_monitor,6.738499641418457,0.0,/home/ashed/Documents/cosmos3_nav/OpenFrontier/output/of1000_sam3_cosmos3_cosmos3/q5QZSEeHe5g/failure/episode-22-tv_monitor-continue_navigation/metrics.mp4
continue_navigation,q5QZSEeHe5g__ep26_toilet_d2g11.5m.mp4,q5QZSEeHe5g,26,toilet,11.514927864074707,0.0,/home/ashed/Documents/cosmos3_nav/OpenFrontier/output/of1000_sam3_cosmos3_cosmos3/q5QZSEeHe5g/failure/episode-26-toilet-continue_navigation/metrics.mp4
continue_navigation,q5QZSEeHe5g__ep27_toilet_d2g11.5m.mp4,q5QZSEeHe5g,27,toilet,11.478179931640625,0.0,/home/ashed/Documents/cosmos3_nav/OpenFrontier/output/of1000_sam3_cosmos3_cosmos3/q5QZSEeHe5g/failure/episode-27-toilet-continue_navigation/metrics.mp4
continue_navigation,qyAac8rV8Zk__ep10_toilet_d2g1.9m.mp4,qyAac8rV8Zk,10,toilet,1.9053364992141724,0.0,/home/ashed/Documents/cosmos3_nav/OpenFrontier/output/of1000_sam3_cosmos3_cosmos3/qyAac8rV8Zk/failure/episode-10-toilet-continue_navigation/metrics.mp4
continue_navigation,qyAac8rV8Zk__ep19_bed_d2g1.5m.mp4,qyAac8rV8Zk,19,bed,1.4850869178771973,0.0,/home/ashed/Documents/cosmos3_nav/OpenFrontier/output/of1000_sam3_cosmos3_cosmos3/qyAac8rV8Zk/failure/episode-19-bed-continue_navigation/metrics.mp4
continue_navigation,svBbv1Pavdk__ep01_chair_d2g5.2m.mp4,svBbv1Pavdk,1,chair,5.246436595916748,0.0,/home/ashed/Documents/cosmos3_nav/OpenFrontier/output/of1000_sam3_cosmos3_cosmos3/svBbv1Pavdk/failure/episode-1-chair-continue_navigation/metrics.mp4
continue_navigation,svBbv1Pavdk__ep03_toilet_d2g9.7m.mp4,svBbv1Pavdk,3,toilet,9.711944580078125,0.0,/home/ashed/Documents/cosmos3_nav/OpenFrontier/output/of1000_sam3_cosmos3_cosmos3/svBbv1Pavdk/failure/episode-3-toilet-continue_navigation/metrics.mp4
continue_navigation,svBbv1Pavdk__ep15_toilet_d2g12.3m.mp4,svBbv1Pavdk,15,toilet,12.33907413482666,0.0,/home/ashed/Documents/cosmos3_nav/OpenFrontier/output/of1000_sam3_cosmos3_cosmos3/svBbv1Pavdk/failure/episode-15-toilet-continue_navigation/metrics.mp4
continue_navigation,svBbv1Pavdk__ep18_sofa_d2g0.8m.mp4,svBbv1Pavdk,18,sofa,0.7725638747215271,0.0,/home/ashed/Documents/cosmos3_nav/OpenFrontier/output/of1000_sam3_cosmos3_cosmos3/svBbv1Pavdk/failure/episode-18-sofa-continue_navigation/metrics.mp4
continue_navigation,wcojb4TFT35__ep10_plant_d2g2.3m.mp4,wcojb4TFT35,10,plant,2.3239922523498535,0.0,/home/ashed/Documents/cosmos3_nav/OpenFrontier/output/of1000_sam3_cosmos3_cosmos3/wcojb4TFT35/failure/episode-10-plant-continue_navigation/metrics.mp4
continue_navigation,wcojb4TFT35__ep13_toilet_d2g8.5m.mp4,wcojb4TFT35,13,toilet,8.45102596282959,0.0,/home/ashed/Documents/cosmos3_nav/OpenFrontier/output/of1000_sam3_cosmos3_cosmos3/wcojb4TFT35/failure/episode-13-toilet-continue_navigation/metrics.mp4
continue_navigation,wcojb4TFT35__ep19_plant_d2g8.5m.mp4,wcojb4TFT35,19,plant,8.512388229370117,0.0,/home/ashed/Documents/cosmos3_nav/OpenFrontier/output/of1000_sam3_cosmos3_cosmos3/wcojb4TFT35/failure/episode-19-plant-continue_navigation/metrics.mp4
continue_navigation,y9hTuugGdiq__ep10_toilet_d2g5.3m.mp4,y9hTuugGdiq,10,toilet,5.26725435256958,0.0,/home/ashed/Documents/cosmos3_nav/OpenFrontier/output/of1000_sam3_cosmos3_cosmos3/y9hTuugGdiq/failure/episode-10-toilet-continue_navigation/metrics.mp4
continue_navigation,y9hTuugGdiq__ep14_tv_monitor_d2g14.3m.mp4,y9hTuugGdiq,14,tv_monitor,14.289165496826172,0.0,/home/ashed/Documents/cosmos3_nav/OpenFrontier/output/of1000_sam3_cosmos3_cosmos3/y9hTuugGdiq/failure/episode-14-tv_monitor-continue_navigation/metrics.mp4
continue_navigation,y9hTuugGdiq__ep17_toilet_d2g5.4m.mp4,y9hTuugGdiq,17,toilet,5.361390590667725,0.0,/home/ashed/Documents/cosmos3_nav/OpenFrontier/output/of1000_sam3_cosmos3_cosmos3/y9hTuugGdiq/failure/episode-17-toilet-continue_navigation/metrics.mp4
continue_navigation,y9hTuugGdiq__ep19_toilet_d2g8.9m.mp4,y9hTuugGdiq,19,toilet,8.86211109161377,0.0,/home/ashed/Documents/cosmos3_nav/OpenFrontier/output/of1000_sam3_cosmos3_cosmos3/y9hTuugGdiq/failure/episode-19-toilet-continue_navigation/metrics.mp4
continue_navigation,y9hTuugGdiq__ep21_toilet_d2g3.3m.mp4,y9hTuugGdiq,21,toilet,3.277848958969116,0.0,/home/ashed/Documents/cosmos3_nav/OpenFrontier/output/of1000_sam3_cosmos3_cosmos3/y9hTuugGdiq/failure/episode-21-toilet-continue_navigation/metrics.mp4
continue_navigation,yr17PDCnDDW__ep01_sofa_d2g11.5m.mp4,yr17PDCnDDW,1,sofa,11.542165756225586,0.0,/home/ashed/Documents/cosmos3_nav/OpenFrontier/output/of1000_sam3_cosmos3_cosmos3/yr17PDCnDDW/failure/episode-1-sofa-continue_navigation/metrics.mp4
continue_navigation,yr17PDCnDDW__ep08_tv_monitor_d2g3.8m.mp4,yr17PDCnDDW,8,tv_monitor,3.757901906967163,0.0,/home/ashed/Documents/cosmos3_nav/OpenFrontier/output/of1000_sam3_cosmos3_cosmos3/yr17PDCnDDW/failure/episode-8-tv_monitor-continue_navigation/metrics.mp4
continue_navigation,yr17PDCnDDW__ep09_sofa_d2g16.2m.mp4,yr17PDCnDDW,9,sofa,16.187021255493164,0.0,/home/ashed/Documents/cosmos3_nav/OpenFrontier/output/of1000_sam3_cosmos3_cosmos3/yr17PDCnDDW/failure/episode-9-sofa-continue_navigation/metrics.mp4
continue_navigation,yr17PDCnDDW__ep12_tv_monitor_d2g4.7m.mp4,yr17PDCnDDW,12,tv_monitor,4.7207932472229,0.0,/home/ashed/Documents/cosmos3_nav/OpenFrontier/output/of1000_sam3_cosmos3_cosmos3/yr17PDCnDDW/failure/episode-12-tv_monitor-continue_navigation/metrics.mp4
continue_navigation,zt1RVoi7PcG__ep03_plant_d2g9.5m.mp4,zt1RVoi7PcG,3,plant,9.459105491638184,0.0,/home/ashed/Documents/cosmos3_nav/OpenFrontier/output/of1000_sam3_cosmos3_cosmos3/zt1RVoi7PcG/failure/episode-3-plant-continue_navigation/metrics.mp4
exception_occurred,5cdEh9F2hJL__ep11_tv_monitor_d2g8.1m.mp4,5cdEh9F2hJL,11,tv_monitor,8.10960578918457,0.0,/home/ashed/Documents/cosmos3_nav/OpenFrontier/output/of1000_sam3_cosmos3_cosmos3/5cdEh9F2hJL/failure/episode-11-tv_monitor-exception_occurred/metrics.mp4
exception_occurred,7MXmsvcQjpJ__ep09_sofa_d2g2.2m.mp4,7MXmsvcQjpJ,9,sofa,2.226173162460327,0.0,/home/ashed/Documents/cosmos3_nav/OpenFrontier/output/of1000_sam3_cosmos3_cosmos3/7MXmsvcQjpJ/failure/episode-9-sofa-exception_occurred/metrics.mp4
exception_occurred,TEEsavR23oF__ep06_toilet_d2g5.3m.mp4,TEEsavR23oF,6,toilet,5.268503665924072,0.0,/home/ashed/Documents/cosmos3_nav/OpenFrontier/output/of1000_sam3_cosmos3_cosmos3/TEEsavR23oF/failure/episode-6-toilet-exception_occurred/metrics.mp4
exception_occurred,a8BtkwhxdRV__ep26_toilet_d2g6.0m.mp4,a8BtkwhxdRV,26,toilet,5.956501007080078,0.0,/home/ashed/Documents/cosmos3_nav/OpenFrontier/output/of1000_sam3_cosmos3_cosmos3/a8BtkwhxdRV/failure/episode-26-toilet-exception_occurred/metrics.mp4
exception_occurred,k1cupFYWXJ6__ep05_sofa_d2g0.6m.mp4,k1cupFYWXJ6,5,sofa,0.6179891228675842,0.0,/home/ashed/Documents/cosmos3_nav/OpenFrontier/output/of1000_sam3_cosmos3_cosmos3/k1cupFYWXJ6/failure/episode-5-sofa-exception_occurred/metrics.mp4
exception_occurred,p53SfW6mjZe__ep03_toilet_d2g8.3m.mp4,p53SfW6mjZe,3,toilet,8.272639274597168,0.0,/home/ashed/Documents/cosmos3_nav/OpenFrontier/output/of1000_sam3_cosmos3_cosmos3/p53SfW6mjZe/failure/episode-3-toilet-exception_occurred/metrics.mp4
exception_occurred,p53SfW6mjZe__ep16_sofa_d2g6.6m.mp4,p53SfW6mjZe,16,sofa,6.643645763397217,0.0,/home/ashed/Documents/cosmos3_nav/OpenFrontier/output/of1000_sam3_cosmos3_cosmos3/p53SfW6mjZe/failure/episode-16-sofa-exception_occurred/metrics.mp4
exception_occurred,p53SfW6mjZe__ep17_sofa_d2g13.7m.mp4,p53SfW6mjZe,17,sofa,13.672203063964844,0.0,/home/ashed/Documents/cosmos3_nav/OpenFrontier/output/of1000_sam3_cosmos3_cosmos3/p53SfW6mjZe/failure/episode-17-sofa-exception_occurred/metrics.mp4
exception_occurred,p53SfW6mjZe__ep19_bed_d2g5.1m.mp4,p53SfW6mjZe,19,bed,5.070411205291748,0.0,/home/ashed/Documents/cosmos3_nav/OpenFrontier/output/of1000_sam3_cosmos3_cosmos3/p53SfW6mjZe/failure/episode-19-bed-exception_occurred/metrics.mp4
exception_occurred,p53SfW6mjZe__ep20_bed_d2g8.7m.mp4,p53SfW6mjZe,20,bed,8.68960952758789,0.0,/home/ashed/Documents/cosmos3_nav/OpenFrontier/output/of1000_sam3_cosmos3_cosmos3/p53SfW6mjZe/failure/episode-20-bed-exception_occurred/metrics.mp4
exception_occurred,q3zU7Yy5E5s__ep24_sofa_d2g2.9m.mp4,q3zU7Yy5E5s,24,sofa,2.9459848403930664,0.0,/home/ashed/Documents/cosmos3_nav/OpenFrontier/output/of1000_sam3_cosmos3_cosmos3/q3zU7Yy5E5s/failure/episode-24-sofa-exception_occurred/metrics.mp4
exception_occurred,q3zU7Yy5E5s__ep25_sofa_d2g3.5m.mp4,q3zU7Yy5E5s,25,sofa,3.5370302200317383,0.0,/home/ashed/Documents/cosmos3_nav/OpenFrontier/output/of1000_sam3_cosmos3_cosmos3/q3zU7Yy5E5s/failure/episode-25-sofa-exception_occurred/metrics.mp4
exception_occurred,y9hTuugGdiq__ep20_sofa_d2g0.1m.mp4,y9hTuugGdiq,20,sofa,0.07337244600057602,0.0,/home/ashed/Documents/cosmos3_nav/OpenFrontier/output/of1000_sam3_cosmos3_cosmos3/y9hTuugGdiq/failure/episode-20-sofa-exception_occurred/metrics.mp4
false_positive,5cdEh9F2hJL__ep00_bed_d2g5.6m.mp4,5cdEh9F2hJL,0,bed,5.604930877685547,0.0,/home/ashed/Documents/cosmos3_nav/OpenFrontier/output/of1000_sam3_cosmos3_cosmos3/5cdEh9F2hJL/failure/episode-0-bed-false_positive/metrics.mp4
false_positive,5cdEh9F2hJL__ep06_bed_d2g4.1m.mp4,5cdEh9F2hJL,6,bed,4.054104804992676,0.0,/home/ashed/Documents/cosmos3_nav/OpenFrontier/output/of1000_sam3_cosmos3_cosmos3/5cdEh9F2hJL/failure/episode-6-bed-false_positive/metrics.mp4
false_positive,5cdEh9F2hJL__ep10_chair_d2g4.3m.mp4,5cdEh9F2hJL,10,chair,4.3182373046875,0.0,/home/ashed/Documents/cosmos3_nav/OpenFrontier/output/of1000_sam3_cosmos3_cosmos3/5cdEh9F2hJL/failure/episode-10-chair-false_positive/metrics.mp4
false_positive,5cdEh9F2hJL__ep20_plant_d2g8.5m.mp4,5cdEh9F2hJL,20,plant,8.466806411743164,0.0,/home/ashed/Documents/cosmos3_nav/OpenFrontier/output/of1000_sam3_cosmos3_cosmos3/5cdEh9F2hJL/failure/episode-20-plant-false_positive/metrics.mp4
false_positive,5cdEh9F2hJL__ep23_chair_d2g4.1m.mp4,5cdEh9F2hJL,23,chair,4.141224384307861,0.0,/home/ashed/Documents/cosmos3_nav/OpenFrontier/output/of1000_sam3_cosmos3_cosmos3/5cdEh9F2hJL/failure/episode-23-chair-false_positive/metrics.mp4
false_positive,6s7QHgap2fW__ep02_toilet_d2g14.7m.mp4,6s7QHgap2fW,2,toilet,14.656558990478516,0.0,/home/ashed/Documents/cosmos3_nav/OpenFrontier/output/of1000_sam3_cosmos3_cosmos3/6s7QHgap2fW/failure/episode-2-toilet-false_positive/metrics.mp4
false_positive,6s7QHgap2fW__ep09_plant_d2g3.7m.mp4,6s7QHgap2fW,9,plant,3.726433515548706,0.0,/home/ashed/Documents/cosmos3_nav/OpenFrontier/output/of1000_sam3_cosmos3_cosmos3/6s7QHgap2fW/failure/episode-9-plant-false_positive/metrics.mp4
false_positive,7MXmsvcQjpJ__ep10_chair_d2g3.8m.mp4,7MXmsvcQjpJ,10,chair,3.8243002891540527,0.0,/home/ashed/Documents/cosmos3_nav/OpenFrontier/output/of1000_sam3_cosmos3_cosmos3/7MXmsvcQjpJ/failure/episode-10-chair-false_positive/metrics.mp4
false_positive,BAbdmeyTvMZ__ep00_chair_d2g1.8m.mp4,BAbdmeyTvMZ,0,chair,1.8241158723831177,0.0,/home/ashed/Documents/cosmos3_nav/OpenFrontier/output/of1000_sam3_cosmos3_cosmos3/BAbdmeyTvMZ/failure/episode-0-chair-false_positive/metrics.mp4
false_positive,BAbdmeyTvMZ__ep09_sofa_d2g4.5m.mp4,BAbdmeyTvMZ,9,sofa,4.489747047424316,0.0,/home/ashed/Documents/cosmos3_nav/OpenFrontier/output/of1000_sam3_cosmos3_cosmos3/BAbdmeyTvMZ/failure/episode-9-sofa-false_positive/metrics.mp4
false_positive,BAbdmeyTvMZ__ep13_sofa_d2g7.1m.mp4,BAbdmeyTvMZ,13,sofa,7.116549491882324,0.0,/home/ashed/Documents/cosmos3_nav/OpenFrontier/output/of1000_sam3_cosmos3_cosmos3/BAbdmeyTvMZ/failure/episode-13-sofa-false_positive/metrics.mp4
false_positive,BAbdmeyTvMZ__ep15_bed_d2g6.4m.mp4,BAbdmeyTvMZ,15,bed,6.371066570281982,0.0,/home/ashed/Documents/cosmos3_nav/OpenFrontier/output/of1000_sam3_cosmos3_cosmos3/BAbdmeyTvMZ/failure/episode-15-bed-false_positive/metrics.mp4
false_positive,BAbdmeyTvMZ__ep17_bed_d2g1.1m.mp4,BAbdmeyTvMZ,17,bed,1.113874912261963,0.0,/home/ashed/Documents/cosmos3_nav/OpenFrontier/output/of1000_sam3_cosmos3_cosmos3/BAbdmeyTvMZ/failure/episode-17-bed-false_positive/metrics.mp4
false_positive,BAbdmeyTvMZ__ep19_bed_d2g7.2m.mp4,BAbdmeyTvMZ,19,bed,7.248726844787598,0.0,/home/ashed/Documents/cosmos3_nav/OpenFrontier/output/of1000_sam3_cosmos3_cosmos3/BAbdmeyTvMZ/failure/episode-19-bed-false_positive/metrics.mp4
false_positive,BAbdmeyTvMZ__ep27_bed_d2g9.2m.mp4,BAbdmeyTvMZ,27,bed,9.1950044631958,0.0,/home/ashed/Documents/cosmos3_nav/OpenFrontier/output/of1000_sam3_cosmos3_cosmos3/BAbdmeyTvMZ/failure/episode-27-bed-false_positive/metrics.mp4
false_positive,CrMo8WxCyVb__ep07_plant_d2g6.1m.mp4,CrMo8WxCyVb,7,plant,6.097498893737793,0.0,/home/ashed/Documents/cosmos3_nav/OpenFrontier/output/of1000_sam3_cosmos3_cosmos3/CrMo8WxCyVb/failure/episode-7-plant-false_positive/metrics.mp4
false_positive,CrMo8WxCyVb__ep15_sofa_d2g3.6m.mp4,CrMo8WxCyVb,15,sofa,3.6490931510925293,0.0,/home/ashed/Documents/cosmos3_nav/OpenFrontier/output/of1000_sam3_cosmos3_cosmos3/CrMo8WxCyVb/failure/episode-15-sofa-false_positive/metrics.mp4
false_positive,CrMo8WxCyVb__ep19_sofa_d2g1.7m.mp4,CrMo8WxCyVb,19,sofa,1.6640866994857788,0.0,/home/ashed/Documents/cosmos3_nav/OpenFrontier/output/of1000_sam3_cosmos3_cosmos3/CrMo8WxCyVb/failure/episode-19-sofa-false_positive/metrics.mp4
false_positive,CrMo8WxCyVb__ep26_toilet_d2g1.1m.mp4,CrMo8WxCyVb,26,toilet,1.1356440782546997,0.0,/home/ashed/Documents/cosmos3_nav/OpenFrontier/output/of1000_sam3_cosmos3_cosmos3/CrMo8WxCyVb/failure/episode-26-toilet-false_positive/metrics.mp4
false_positive,DYehNKdT76V__ep08_sofa_d2g1.2m.mp4,DYehNKdT76V,8,sofa,1.1568621397018433,0.0,/home/ashed/Documents/cosmos3_nav/OpenFrontier/output/of1000_sam3_cosmos3_cosmos3/DYehNKdT76V/failure/episode-8-sofa-false_positive/metrics.mp4
false_positive,DYehNKdT76V__ep17_sofa_d2g2.3m.mp4,DYehNKdT76V,17,sofa,2.273904800415039,0.0,/home/ashed/Documents/cosmos3_nav/OpenFrontier/output/of1000_sam3_cosmos3_cosmos3/DYehNKdT76V/failure/episode-17-sofa-false_positive/metrics.mp4
false_positive,DYehNKdT76V__ep19_sofa_d2g2.3m.mp4,DYehNKdT76V,19,sofa,2.2867345809936523,0.0,/home/ashed/Documents/cosmos3_nav/OpenFrontier/output/of1000_sam3_cosmos3_cosmos3/DYehNKdT76V/failure/episode-19-sofa-false_positive/metrics.mp4
false_positive,DYehNKdT76V__ep21_sofa_d2g2.1m.mp4,DYehNKdT76V,21,sofa,2.132566452026367,0.0,/home/ashed/Documents/cosmos3_nav/OpenFrontier/output/of1000_sam3_cosmos3_cosmos3/DYehNKdT76V/failure/episode-21-sofa-false_positive/metrics.mp4
false_positive,Dd4bFSTQ8gi__ep05_chair_d2g3.6m.mp4,Dd4bFSTQ8gi,5,chair,3.6009957790374756,0.0,/home/ashed/Documents/cosmos3_nav/OpenFrontier/output/of1000_sam3_cosmos3_cosmos3/Dd4bFSTQ8gi/failure/episode-5-chair-false_positive/metrics.mp4
false_positive,Dd4bFSTQ8gi__ep13_sofa_d2g3.1m.mp4,Dd4bFSTQ8gi,13,sofa,3.1355338096618652,0.0,/home/ashed/Documents/cosmos3_nav/OpenFrontier/output/of1000_sam3_cosmos3_cosmos3/Dd4bFSTQ8gi/failure/episode-13-sofa-false_positive/metrics.mp4
false_positive,GLAQ4DNUx5U__ep03_chair_d2g4.3m.mp4,GLAQ4DNUx5U,3,chair,4.293062686920166,0.0,/home/ashed/Documents/cosmos3_nav/OpenFrontier/output/of1000_sam3_cosmos3_cosmos3/GLAQ4DNUx5U/failure/episode-3-chair-false_positive/metrics.mp4
false_positive,GLAQ4DNUx5U__ep07_tv_monitor_d2g5.8m.mp4,GLAQ4DNUx5U,7,tv_monitor,5.765018463134766,0.0,/home/ashed/Documents/cosmos3_nav/OpenFrontier/output/of1000_sam3_cosmos3_cosmos3/GLAQ4DNUx5U/failure/episode-7-tv_monitor-false_positive/metrics.mp4
false_positive,GLAQ4DNUx5U__ep16_bed_d2g11.8m.mp4,GLAQ4DNUx5U,16,bed,11.792476654052734,0.0,/home/ashed/Documents/cosmos3_nav/OpenFrontier/output/of1000_sam3_cosmos3_cosmos3/GLAQ4DNUx5U/failure/episode-16-bed-false_positive/metrics.mp4
false_positive,HY1NcmCgn3n__ep04_plant_d2g8.4m.mp4,HY1NcmCgn3n,4,plant,8.417489051818848,0.0,/home/ashed/Documents/cosmos3_nav/OpenFrontier/output/of1000_sam3_cosmos3_cosmos3/HY1NcmCgn3n/failure/episode-4-plant-false_positive/metrics.mp4
false_positive,HY1NcmCgn3n__ep11_plant_d2g2.0m.mp4,HY1NcmCgn3n,11,plant,2.0063092708587646,0.0,/home/ashed/Documents/cosmos3_nav/OpenFrontier/output/of1000_sam3_cosmos3_cosmos3/HY1NcmCgn3n/failure/episode-11-plant-false_positive/metrics.mp4
false_positive,HY1NcmCgn3n__ep15_plant_d2g7.2m.mp4,HY1NcmCgn3n,15,plant,7.152890205383301,0.0,/home/ashed/Documents/cosmos3_nav/OpenFrontier/output/of1000_sam3_cosmos3_cosmos3/HY1NcmCgn3n/failure/episode-15-plant-false_positive/metrics.mp4
false_positive,HY1NcmCgn3n__ep17_plant_d2g1.9m.mp4,HY1NcmCgn3n,17,plant,1.8532655239105225,0.0,/home/ashed/Documents/cosmos3_nav/OpenFrontier/output/of1000_sam3_cosmos3_cosmos3/HY1NcmCgn3n/failure/episode-17-plant-false_positive/metrics.mp4
false_positive,HY1NcmCgn3n__ep23_plant_d2g4.4m.mp4,HY1NcmCgn3n,23,plant,4.448953628540039,0.0,/home/ashed/Documents/cosmos3_nav/OpenFrontier/output/of1000_sam3_cosmos3_cosmos3/HY1NcmCgn3n/failure/episode-23-plant-false_positive/metrics.mp4
false_positive,HY1NcmCgn3n__ep26_plant_d2g5.3m.mp4,HY1NcmCgn3n,26,plant,5.3330583572387695,0.0,/home/ashed/Documents/cosmos3_nav/OpenFrontier/output/of1000_sam3_cosmos3_cosmos3/HY1NcmCgn3n/failure/episode-26-plant-false_positive/metrics.mp4
false_positive,LT9Jq6dN3Ea__ep16_plant_d2g3.4m.mp4,LT9Jq6dN3Ea,16,plant,3.4365596771240234,0.0,/home/ashed/Documents/cosmos3_nav/OpenFrontier/output/of1000_sam3_cosmos3_cosmos3/LT9Jq6dN3Ea/failure/episode-16-plant-false_positive/metrics.mp4
false_positive,MHPLjHsuG27__ep00_plant_d2g1.4m.mp4,MHPLjHsuG27,0,plant,1.3774350881576538,0.0,/home/ashed/Documents/cosmos3_nav/OpenFrontier/output/of1000_sam3_cosmos3_cosmos3/MHPLjHsuG27/failure/episode-0-plant-false_positive/metrics.mp4
false_positive,MHPLjHsuG27__ep01_plant_d2g1.7m.mp4,MHPLjHsuG27,1,plant,1.7428224086761475,0.0,/home/ashed/Documents/cosmos3_nav/OpenFrontier/output/of1000_sam3_cosmos3_cosmos3/MHPLjHsuG27/failure/episode-1-plant-false_positive/metrics.mp4
false_positive,MHPLjHsuG27__ep03_plant_d2g1.5m.mp4,MHPLjHsuG27,3,plant,1.5384196043014526,0.0,/home/ashed/Documents/cosmos3_nav/OpenFrontier/output/of1000_sam3_cosmos3_cosmos3/MHPLjHsuG27/failure/episode-3-plant-false_positive/metrics.mp4
false_positive,MHPLjHsuG27__ep20_plant_d2g1.4m.mp4,MHPLjHsuG27,20,plant,1.3915046453475952,0.0,/home/ashed/Documents/cosmos3_nav/OpenFrontier/output/of1000_sam3_cosmos3_cosmos3/MHPLjHsuG27/failure/episode-20-plant-false_positive/metrics.mp4
false_positive,Nfvxx8J5NCo__ep04_tv_monitor_d2g3.7m.mp4,Nfvxx8J5NCo,4,tv_monitor,3.6811466217041016,0.0,/home/ashed/Documents/cosmos3_nav/OpenFrontier/output/of1000_sam3_cosmos3_cosmos3/Nfvxx8J5NCo/failure/episode-4-tv_monitor-false_positive/metrics.mp4
false_positive,QaLdnwvtxbs__ep01_tv_monitor_d2g4.4m.mp4,QaLdnwvtxbs,1,tv_monitor,4.386569023132324,0.0,/home/ashed/Documents/cosmos3_nav/OpenFrontier/output/of1000_sam3_cosmos3_cosmos3/QaLdnwvtxbs/failure/episode-1-tv_monitor-false_positive/metrics.mp4
false_positive,QaLdnwvtxbs__ep06_chair_d2g2.9m.mp4,QaLdnwvtxbs,6,chair,2.903987407684326,0.0,/home/ashed/Documents/cosmos3_nav/OpenFrontier/output/of1000_sam3_cosmos3_cosmos3/QaLdnwvtxbs/failure/episode-6-chair-false_positive/metrics.mp4
false_positive,QaLdnwvtxbs__ep14_chair_d2g2.7m.mp4,QaLdnwvtxbs,14,chair,2.7303409576416016,0.0,/home/ashed/Documents/cosmos3_nav/OpenFrontier/output/of1000_sam3_cosmos3_cosmos3/QaLdnwvtxbs/failure/episode-14-chair-false_positive/metrics.mp4
false_positive,TEEsavR23oF__ep00_tv_monitor_d2g15.8m.mp4,TEEsavR23oF,0,tv_monitor,15.753662109375,0.0,/home/ashed/Documents/cosmos3_nav/OpenFrontier/output/of1000_sam3_cosmos3_cosmos3/TEEsavR23oF/failure/episode-0-tv_monitor-false_positive/metrics.mp4
false_positive,TEEsavR23oF__ep20_chair_d2g2.4m.mp4,TEEsavR23oF,20,chair,2.3949899673461914,0.0,/home/ashed/Documents/cosmos3_nav/OpenFrontier/output/of1000_sam3_cosmos3_cosmos3/TEEsavR23oF/failure/episode-20-chair-false_positive/metrics.mp4
false_positive,TEEsavR23oF__ep22_sofa_d2g1.0m.mp4,TEEsavR23oF,22,sofa,1.0153864622116089,0.0,/home/ashed/Documents/cosmos3_nav/OpenFrontier/output/of1000_sam3_cosmos3_cosmos3/TEEsavR23oF/failure/episode-22-sofa-false_positive/metrics.mp4
false_positive,TEEsavR23oF__ep25_chair_d2g2.3m.mp4,TEEsavR23oF,25,chair,2.2700552940368652,0.0,/home/ashed/Documents/cosmos3_nav/OpenFrontier/output/of1000_sam3_cosmos3_cosmos3/TEEsavR23oF/failure/episode-25-chair-false_positive/metrics.mp4
false_positive,VBzV5z6i1WS__ep09_bed_d2g2.5m.mp4,VBzV5z6i1WS,9,bed,2.4705581665039062,0.0,/home/ashed/Documents/cosmos3_nav/OpenFrontier/output/of1000_sam3_cosmos3_cosmos3/VBzV5z6i1WS/failure/episode-9-bed-false_positive/metrics.mp4
false_positive,VBzV5z6i1WS__ep18_sofa_d2g1.4m.mp4,VBzV5z6i1WS,18,sofa,1.366146445274353,0.0,/home/ashed/Documents/cosmos3_nav/OpenFrontier/output/of1000_sam3_cosmos3_cosmos3/VBzV5z6i1WS/failure/episode-18-sofa-false_positive/metrics.mp4
false_positive,VBzV5z6i1WS__ep24_sofa_d2g2.6m.mp4,VBzV5z6i1WS,24,sofa,2.637653350830078,0.0,/home/ashed/Documents/cosmos3_nav/OpenFrontier/output/of1000_sam3_cosmos3_cosmos3/VBzV5z6i1WS/failure/episode-24-sofa-false_positive/metrics.mp4
false_positive,VBzV5z6i1WS__ep25_sofa_d2g1.0m.mp4,VBzV5z6i1WS,25,sofa,1.0090502500534058,0.0,/home/ashed/Documents/cosmos3_nav/OpenFrontier/output/of1000_sam3_cosmos3_cosmos3/VBzV5z6i1WS/failure/episode-25-sofa-false_positive/metrics.mp4
false_positive,XB4GS9ShBRE__ep15_sofa_d2g1.6m.mp4,XB4GS9ShBRE,15,sofa,1.5924044847488403,0.0,/home/ashed/Documents/cosmos3_nav/OpenFrontier/output/of1000_sam3_cosmos3_cosmos3/XB4GS9ShBRE/failure/episode-15-sofa-false_positive/metrics.mp4
false_positive,XB4GS9ShBRE__ep19_sofa_d2g1.2m.mp4,XB4GS9ShBRE,19,sofa,1.1575138568878174,0.0,/home/ashed/Documents/cosmos3_nav/OpenFrontier/output/of1000_sam3_cosmos3_cosmos3/XB4GS9ShBRE/failure/episode-19-sofa-false_positive/metrics.mp4
false_positive,XB4GS9ShBRE__ep23_tv_monitor_d2g1.5m.mp4,XB4GS9ShBRE,23,tv_monitor,1.543713092803955,0.0,/home/ashed/Documents/cosmos3_nav/OpenFrontier/output/of1000_sam3_cosmos3_cosmos3/XB4GS9ShBRE/failure/episode-23-tv_monitor-false_positive/metrics.mp4
false_positive,XB4GS9ShBRE__ep27_toilet_d2g11.2m.mp4,XB4GS9ShBRE,27,toilet,11.221427917480469,0.0,/home/ashed/Documents/cosmos3_nav/OpenFrontier/output/of1000_sam3_cosmos3_cosmos3/XB4GS9ShBRE/failure/episode-27-toilet-false_positive/metrics.mp4
false_positive,bCPU9suPUw9__ep04_chair_d2g2.8m.mp4,bCPU9suPUw9,4,chair,2.8424174785614014,0.0,/home/ashed/Documents/cosmos3_nav/OpenFrontier/output/of1000_sam3_cosmos3_cosmos3/bCPU9suPUw9/failure/episode-4-chair-false_positive/metrics.mp4
false_positive,bCPU9suPUw9__ep16_plant_d2g6.6m.mp4,bCPU9suPUw9,16,plant,6.601518630981445,0.0,/home/ashed/Documents/cosmos3_nav/OpenFrontier/output/of1000_sam3_cosmos3_cosmos3/bCPU9suPUw9/failure/episode-16-plant-false_positive/metrics.mp4
false_positive,bCPU9suPUw9__ep24_plant_d2g1.1m.mp4,bCPU9suPUw9,24,plant,1.1364843845367432,0.0,/home/ashed/Documents/cosmos3_nav/OpenFrontier/output/of1000_sam3_cosmos3_cosmos3/bCPU9suPUw9/failure/episode-24-plant-false_positive/metrics.mp4
false_positive,bxsVRursffK__ep04_chair_d2g4.4m.mp4,bxsVRursffK,4,chair,4.407368183135986,0.0,/home/ashed/Documents/cosmos3_nav/OpenFrontier/output/of1000_sam3_cosmos3_cosmos3/bxsVRursffK/failure/episode-4-chair-false_positive/metrics.mp4
false_positive,bxsVRursffK__ep12_chair_d2g4.6m.mp4,bxsVRursffK,12,chair,4.568149089813232,0.0,/home/ashed/Documents/cosmos3_nav/OpenFrontier/output/of1000_sam3_cosmos3_cosmos3/bxsVRursffK/failure/episode-12-chair-false_positive/metrics.mp4
false_positive,bxsVRursffK__ep13_chair_d2g4.3m.mp4,bxsVRursffK,13,chair,4.331666469573975,0.0,/home/ashed/Documents/cosmos3_nav/OpenFrontier/output/of1000_sam3_cosmos3_cosmos3/bxsVRursffK/failure/episode-13-chair-false_positive/metrics.mp4
false_positive,bxsVRursffK__ep14_chair_d2g4.4m.mp4,bxsVRursffK,14,chair,4.394718170166016,0.0,/home/ashed/Documents/cosmos3_nav/OpenFrontier/output/of1000_sam3_cosmos3_cosmos3/bxsVRursffK/failure/episode-14-chair-false_positive/metrics.mp4
false_positive,bxsVRursffK__ep16_chair_d2g1.8m.mp4,bxsVRursffK,16,chair,1.7660466432571411,0.0,/home/ashed/Documents/cosmos3_nav/OpenFrontier/output/of1000_sam3_cosmos3_cosmos3/bxsVRursffK/failure/episode-16-chair-false_positive/metrics.mp4
false_positive,bxsVRursffK__ep23_chair_d2g1.9m.mp4,bxsVRursffK,23,chair,1.8839513063430786,0.0,/home/ashed/Documents/cosmos3_nav/OpenFrontier/output/of1000_sam3_cosmos3_cosmos3/bxsVRursffK/failure/episode-23-chair-false_positive/metrics.mp4
false_positive,cvZr5TUy5C5__ep08_chair_d2g1.1m.mp4,cvZr5TUy5C5,8,chair,1.0510751008987427,0.0,/home/ashed/Documents/cosmos3_nav/OpenFrontier/output/of1000_sam3_cosmos3_cosmos3/cvZr5TUy5C5/failure/episode-8-chair-false_positive/metrics.mp4
false_positive,cvZr5TUy5C5__ep09_sofa_d2g5.9m.mp4,cvZr5TUy5C5,9,sofa,5.8774003982543945,0.0,/home/ashed/Documents/cosmos3_nav/OpenFrontier/output/of1000_sam3_cosmos3_cosmos3/cvZr5TUy5C5/failure/episode-9-sofa-false_positive/metrics.mp4
false_positive,cvZr5TUy5C5__ep27_bed_d2g5.3m.mp4,cvZr5TUy5C5,27,bed,5.253838062286377,0.0,/home/ashed/Documents/cosmos3_nav/OpenFrontier/output/of1000_sam3_cosmos3_cosmos3/cvZr5TUy5C5/failure/episode-27-bed-false_positive/metrics.mp4
false_positive,eF36g7L6Z9M__ep00_sofa_d2g9.7m.mp4,eF36g7L6Z9M,0,sofa,9.677653312683105,0.0,/home/ashed/Documents/cosmos3_nav/OpenFrontier/output/of1000_sam3_cosmos3_cosmos3/eF36g7L6Z9M/failure/episode-0-sofa-false_positive/metrics.mp4
false_positive,eF36g7L6Z9M__ep06_sofa_d2g2.7m.mp4,eF36g7L6Z9M,6,sofa,2.654799222946167,0.0,/home/ashed/Documents/cosmos3_nav/OpenFrontier/output/of1000_sam3_cosmos3_cosmos3/eF36g7L6Z9M/failure/episode-6-sofa-false_positive/metrics.mp4
false_positive,eF36g7L6Z9M__ep07_sofa_d2g11.4m.mp4,eF36g7L6Z9M,7,sofa,11.406216621398926,0.0,/home/ashed/Documents/cosmos3_nav/OpenFrontier/output/of1000_sam3_cosmos3_cosmos3/eF36g7L6Z9M/failure/episode-7-sofa-false_positive/metrics.mp4
false_positive,eF36g7L6Z9M__ep15_bed_d2g6.3m.mp4,eF36g7L6Z9M,15,bed,6.336068153381348,0.0,/home/ashed/Documents/cosmos3_nav/OpenFrontier/output/of1000_sam3_cosmos3_cosmos3/eF36g7L6Z9M/failure/episode-15-bed-false_positive/metrics.mp4
false_positive,h1zeeAwLh9Z__ep19_chair_d2g7.1m.mp4,h1zeeAwLh9Z,19,chair,7.084774494171143,0.0,/home/ashed/Documents/cosmos3_nav/OpenFrontier/output/of1000_sam3_cosmos3_cosmos3/h1zeeAwLh9Z/failure/episode-19-chair-false_positive/metrics.mp4
false_positive,h1zeeAwLh9Z__ep24_chair_d2g3.3m.mp4,h1zeeAwLh9Z,24,chair,3.3157777786254883,0.0,/home/ashed/Documents/cosmos3_nav/OpenFrontier/output/of1000_sam3_cosmos3_cosmos3/h1zeeAwLh9Z/failure/episode-24-chair-false_positive/metrics.mp4
false_positive,k1cupFYWXJ6__ep00_sofa_d2g1.3m.mp4,k1cupFYWXJ6,0,sofa,1.2733078002929688,0.0,/home/ashed/Documents/cosmos3_nav/OpenFrontier/output/of1000_sam3_cosmos3_cosmos3/k1cupFYWXJ6/failure/episode-0-sofa-false_positive/metrics.mp4
false_positive,k1cupFYWXJ6__ep04_sofa_d2g12.8m.mp4,k1cupFYWXJ6,4,sofa,12.80896282196045,0.0,/home/ashed/Documents/cosmos3_nav/OpenFrontier/output/of1000_sam3_cosmos3_cosmos3/k1cupFYWXJ6/failure/episode-4-sofa-false_positive/metrics.mp4
false_positive,k1cupFYWXJ6__ep23_sofa_d2g13.6m.mp4,k1cupFYWXJ6,23,sofa,13.561234474182129,0.0,/home/ashed/Documents/cosmos3_nav/OpenFrontier/output/of1000_sam3_cosmos3_cosmos3/k1cupFYWXJ6/failure/episode-23-sofa-false_positive/metrics.mp4
false_positive,mL8ThkuaVTM__ep05_chair_d2g2.2m.mp4,mL8ThkuaVTM,5,chair,2.2030444145202637,0.0,/home/ashed/Documents/cosmos3_nav/OpenFrontier/output/of1000_sam3_cosmos3_cosmos3/mL8ThkuaVTM/failure/episode-5-chair-false_positive/metrics.mp4
false_positive,mL8ThkuaVTM__ep17_plant_d2g4.9m.mp4,mL8ThkuaVTM,17,plant,4.875402450561523,0.0,/home/ashed/Documents/cosmos3_nav/OpenFrontier/output/of1000_sam3_cosmos3_cosmos3/mL8ThkuaVTM/failure/episode-17-plant-false_positive/metrics.mp4
false_positive,mv2HUxq3B53__ep05_chair_d2g1.7m.mp4,mv2HUxq3B53,5,chair,1.7034337520599365,0.0,/home/ashed/Documents/cosmos3_nav/OpenFrontier/output/of1000_sam3_cosmos3_cosmos3/mv2HUxq3B53/failure/episode-5-chair-false_positive/metrics.mp4
false_positive,mv2HUxq3B53__ep08_tv_monitor_d2g21.0m.mp4,mv2HUxq3B53,8,tv_monitor,21.024065017700195,0.0,/home/ashed/Documents/cosmos3_nav/OpenFrontier/output/of1000_sam3_cosmos3_cosmos3/mv2HUxq3B53/failure/episode-8-tv_monitor-false_positive/metrics.mp4
false_positive,mv2HUxq3B53__ep19_tv_monitor_d2g10.2m.mp4,mv2HUxq3B53,19,tv_monitor,10.203591346740723,0.0,/home/ashed/Documents/cosmos3_nav/OpenFrontier/output/of1000_sam3_cosmos3_cosmos3/mv2HUxq3B53/failure/episode-19-tv_monitor-false_positive/metrics.mp4
false_positive,mv2HUxq3B53__ep20_chair_d2g1.7m.mp4,mv2HUxq3B53,20,chair,1.686915636062622,0.0,/home/ashed/Documents/cosmos3_nav/OpenFrontier/output/of1000_sam3_cosmos3_cosmos3/mv2HUxq3B53/failure/episode-20-chair-false_positive/metrics.mp4
false_positive,mv2HUxq3B53__ep22_tv_monitor_d2g10.4m.mp4,mv2HUxq3B53,22,tv_monitor,10.392487525939941,0.0,/home/ashed/Documents/cosmos3_nav/OpenFrontier/output/of1000_sam3_cosmos3_cosmos3/mv2HUxq3B53/failure/episode-22-tv_monitor-false_positive/metrics.mp4
false_positive,p53SfW6mjZe__ep00_chair_d2g4.9m.mp4,p53SfW6mjZe,0,chair,4.868270397186279,0.0,/home/ashed/Documents/cosmos3_nav/OpenFrontier/output/of1000_sam3_cosmos3_cosmos3/p53SfW6mjZe/failure/episode-0-chair-false_positive/metrics.mp4
false_positive,p53SfW6mjZe__ep10_bed_d2g5.7m.mp4,p53SfW6mjZe,10,bed,5.738418102264404,0.0,/home/ashed/Documents/cosmos3_nav/OpenFrontier/output/of1000_sam3_cosmos3_cosmos3/p53SfW6mjZe/failure/episode-10-bed-false_positive/metrics.mp4
false_positive,q3zU7Yy5E5s__ep00_bed_d2g2.3m.mp4,q3zU7Yy5E5s,0,bed,2.3357796669006348,0.0,/home/ashed/Documents/cosmos3_nav/OpenFrontier/output/of1000_sam3_cosmos3_cosmos3/q3zU7Yy5E5s/failure/episode-0-bed-false_positive/metrics.mp4
false_positive,q3zU7Yy5E5s__ep05_bed_d2g4.3m.mp4,q3zU7Yy5E5s,5,bed,4.32103967666626,0.0,/home/ashed/Documents/cosmos3_nav/OpenFrontier/output/of1000_sam3_cosmos3_cosmos3/q3zU7Yy5E5s/failure/episode-5-bed-false_positive/metrics.mp4
false_positive,q3zU7Yy5E5s__ep11_bed_d2g3.1m.mp4,q3zU7Yy5E5s,11,bed,3.149890422821045,0.0,/home/ashed/Documents/cosmos3_nav/OpenFrontier/output/of1000_sam3_cosmos3_cosmos3/q3zU7Yy5E5s/failure/episode-11-bed-false_positive/metrics.mp4
false_positive,q3zU7Yy5E5s__ep23_bed_d2g3.3m.mp4,q3zU7Yy5E5s,23,bed,3.2523512840270996,0.0,/home/ashed/Documents/cosmos3_nav/OpenFrontier/output/of1000_sam3_cosmos3_cosmos3/q3zU7Yy5E5s/failure/episode-23-bed-false_positive/metrics.mp4
false_positive,q5QZSEeHe5g__ep00_chair_d2g8.6m.mp4,q5QZSEeHe5g,0,chair,8.588232040405273,0.0,/home/ashed/Documents/cosmos3_nav/OpenFrontier/output/of1000_sam3_cosmos3_cosmos3/q5QZSEeHe5g/failure/episode-0-chair-false_positive/metrics.mp4
false_positive,q5QZSEeHe5g__ep10_chair_d2g8.7m.mp4,q5QZSEeHe5g,10,chair,8.716560363769531,0.0,/home/ashed/Documents/cosmos3_nav/OpenFrontier/output/of1000_sam3_cosmos3_cosmos3/q5QZSEeHe5g/failure/episode-10-chair-false_positive/metrics.mp4
false_positive,q5QZSEeHe5g__ep12_chair_d2g6.9m.mp4,q5QZSEeHe5g,12,chair,6.9397149085998535,0.0,/home/ashed/Documents/cosmos3_nav/OpenFrontier/output/of1000_sam3_cosmos3_cosmos3/q5QZSEeHe5g/failure/episode-12-chair-false_positive/metrics.mp4
false_positive,q5QZSEeHe5g__ep15_chair_d2g8.7m.mp4,q5QZSEeHe5g,15,chair,8.653223037719727,0.0,/home/ashed/Documents/cosmos3_nav/OpenFrontier/output/of1000_sam3_cosmos3_cosmos3/q5QZSEeHe5g/failure/episode-15-chair-false_positive/metrics.mp4
false_positive,q5QZSEeHe5g__ep20_chair_d2g8.6m.mp4,q5QZSEeHe5g,20,chair,8.552858352661133,0.0,/home/ashed/Documents/cosmos3_nav/OpenFrontier/output/of1000_sam3_cosmos3_cosmos3/q5QZSEeHe5g/failure/episode-20-chair-false_positive/metrics.mp4
false_positive,q5QZSEeHe5g__ep25_plant_d2g1.8m.mp4,q5QZSEeHe5g,25,plant,1.794800043106079,0.0,/home/ashed/Documents/cosmos3_nav/OpenFrontier/output/of1000_sam3_cosmos3_cosmos3/q5QZSEeHe5g/failure/episode-25-plant-false_positive/metrics.mp4
false_positive,qyAac8rV8Zk__ep18_sofa_d2g1.2m.mp4,qyAac8rV8Zk,18,sofa,1.159749150276184,0.0,/home/ashed/Documents/cosmos3_nav/OpenFrontier/output/of1000_sam3_cosmos3_cosmos3/qyAac8rV8Zk/failure/episode-18-sofa-false_positive/metrics.mp4
false_positive,qyAac8rV8Zk__ep23_tv_monitor_d2g5.5m.mp4,qyAac8rV8Zk,23,tv_monitor,5.501084804534912,0.0,/home/ashed/Documents/cosmos3_nav/OpenFrontier/output/of1000_sam3_cosmos3_cosmos3/qyAac8rV8Zk/failure/episode-23-tv_monitor-false_positive/metrics.mp4
false_positive,svBbv1Pavdk__ep02_plant_d2g2.4m.mp4,svBbv1Pavdk,2,plant,2.3677382469177246,0.0,/home/ashed/Documents/cosmos3_nav/OpenFrontier/output/of1000_sam3_cosmos3_cosmos3/svBbv1Pavdk/failure/episode-2-plant-false_positive/metrics.mp4
false_positive,svBbv1Pavdk__ep04_plant_d2g2.3m.mp4,svBbv1Pavdk,4,plant,2.3045029640197754,0.0,/home/ashed/Documents/cosmos3_nav/OpenFrontier/output/of1000_sam3_cosmos3_cosmos3/svBbv1Pavdk/failure/episode-4-plant-false_positive/metrics.mp4
false_positive,svBbv1Pavdk__ep07_toilet_d2g12.3m.mp4,svBbv1Pavdk,7,toilet,12.3123140335083,0.0,/home/ashed/Documents/cosmos3_nav/OpenFrontier/output/of1000_sam3_cosmos3_cosmos3/svBbv1Pavdk/failure/episode-7-toilet-false_positive/metrics.mp4
false_positive,svBbv1Pavdk__ep17_plant_d2g2.6m.mp4,svBbv1Pavdk,17,plant,2.6415438652038574,0.0,/home/ashed/Documents/cosmos3_nav/OpenFrontier/output/of1000_sam3_cosmos3_cosmos3/svBbv1Pavdk/failure/episode-17-plant-false_positive/metrics.mp4
false_positive,svBbv1Pavdk__ep26_chair_d2g5.3m.mp4,svBbv1Pavdk,26,chair,5.250940799713135,0.0,/home/ashed/Documents/cosmos3_nav/OpenFrontier/output/of1000_sam3_cosmos3_cosmos3/svBbv1Pavdk/failure/episode-26-chair-false_positive/metrics.mp4
false_positive,wcojb4TFT35__ep02_sofa_d2g4.5m.mp4,wcojb4TFT35,2,sofa,4.492143630981445,0.0,/home/ashed/Documents/cosmos3_nav/OpenFrontier/output/of1000_sam3_cosmos3_cosmos3/wcojb4TFT35/failure/episode-2-sofa-false_positive/metrics.mp4
false_positive,wcojb4TFT35__ep11_tv_monitor_d2g4.5m.mp4,wcojb4TFT35,11,tv_monitor,4.4669647216796875,0.0,/home/ashed/Documents/cosmos3_nav/OpenFrontier/output/of1000_sam3_cosmos3_cosmos3/wcojb4TFT35/failure/episode-11-tv_monitor-false_positive/metrics.mp4
false_positive,wcojb4TFT35__ep21_chair_d2g1.7m.mp4,wcojb4TFT35,21,chair,1.6601061820983887,0.0,/home/ashed/Documents/cosmos3_nav/OpenFrontier/output/of1000_sam3_cosmos3_cosmos3/wcojb4TFT35/failure/episode-21-chair-false_positive/metrics.mp4
false_positive,y9hTuugGdiq__ep01_plant_d2g6.6m.mp4,y9hTuugGdiq,1,plant,6.553782939910889,0.0,/home/ashed/Documents/cosmos3_nav/OpenFrontier/output/of1000_sam3_cosmos3_cosmos3/y9hTuugGdiq/failure/episode-1-plant-false_positive/metrics.mp4
false_positive,y9hTuugGdiq__ep26_bed_d2g6.3m.mp4,y9hTuugGdiq,26,bed,6.290230751037598,0.0,/home/ashed/Documents/cosmos3_nav/OpenFrontier/output/of1000_sam3_cosmos3_cosmos3/y9hTuugGdiq/failure/episode-26-bed-false_positive/metrics.mp4
false_positive,yr17PDCnDDW__ep14_sofa_d2g1.4m.mp4,yr17PDCnDDW,14,sofa,1.4282722473144531,0.0,/home/ashed/Documents/cosmos3_nav/OpenFrontier/output/of1000_sam3_cosmos3_cosmos3/yr17PDCnDDW/failure/episode-14-sofa-false_positive/metrics.mp4
false_positive,yr17PDCnDDW__ep16_sofa_d2g1.0m.mp4,yr17PDCnDDW,16,sofa,1.0016359090805054,0.0,/home/ashed/Documents/cosmos3_nav/OpenFrontier/output/of1000_sam3_cosmos3_cosmos3/yr17PDCnDDW/failure/episode-16-sofa-false_positive/metrics.mp4
false_positive,yr17PDCnDDW__ep18_sofa_d2g1.4m.mp4,yr17PDCnDDW,18,sofa,1.3515193462371826,0.0,/home/ashed/Documents/cosmos3_nav/OpenFrontier/output/of1000_sam3_cosmos3_cosmos3/yr17PDCnDDW/failure/episode-18-sofa-false_positive/metrics.mp4
false_positive,yr17PDCnDDW__ep26_sofa_d2g1.2m.mp4,yr17PDCnDDW,26,sofa,1.154674768447876,0.0,/home/ashed/Documents/cosmos3_nav/OpenFrontier/output/of1000_sam3_cosmos3_cosmos3/yr17PDCnDDW/failure/episode-26-sofa-false_positive/metrics.mp4
false_positive,ziup5kvtCCR__ep06_sofa_d2g1.1m.mp4,ziup5kvtCCR,6,sofa,1.0996981859207153,0.0,/home/ashed/Documents/cosmos3_nav/OpenFrontier/output/of1000_sam3_cosmos3_cosmos3/ziup5kvtCCR/failure/episode-6-sofa-false_positive/metrics.mp4
false_positive,ziup5kvtCCR__ep14_plant_d2g6.4m.mp4,ziup5kvtCCR,14,plant,6.3725385665893555,0.0,/home/ashed/Documents/cosmos3_nav/OpenFrontier/output/of1000_sam3_cosmos3_cosmos3/ziup5kvtCCR/failure/episode-14-plant-false_positive/metrics.mp4
false_positive,ziup5kvtCCR__ep18_chair_d2g1.6m.mp4,ziup5kvtCCR,18,chair,1.6151869297027588,0.0,/home/ashed/Documents/cosmos3_nav/OpenFrontier/output/of1000_sam3_cosmos3_cosmos3/ziup5kvtCCR/failure/episode-18-chair-false_positive/metrics.mp4
false_positive,ziup5kvtCCR__ep27_sofa_d2g1.2m.mp4,ziup5kvtCCR,27,sofa,1.1700931787490845,0.0,/home/ashed/Documents/cosmos3_nav/OpenFrontier/output/of1000_sam3_cosmos3_cosmos3/ziup5kvtCCR/failure/episode-27-sofa-false_positive/metrics.mp4
false_positive,zt1RVoi7PcG__ep05_sofa_d2g2.9m.mp4,zt1RVoi7PcG,5,sofa,2.9266116619110107,0.0,/home/ashed/Documents/cosmos3_nav/OpenFrontier/output/of1000_sam3_cosmos3_cosmos3/zt1RVoi7PcG/failure/episode-5-sofa-false_positive/metrics.mp4
max_steps_reached,6s7QHgap2fW__ep00_sofa_d2g8.3m.mp4,6s7QHgap2fW,0,sofa,8.324300765991211,0.0,/home/ashed/Documents/cosmos3_nav/OpenFrontier/output/of1000_sam3_cosmos3_cosmos3/6s7QHgap2fW/failure/episode-0-sofa-max_steps_reached/metrics.mp4
max_steps_reached,6s7QHgap2fW__ep04_sofa_d2g8.2m.mp4,6s7QHgap2fW,4,sofa,8.15882396697998,0.0,/home/ashed/Documents/cosmos3_nav/OpenFrontier/output/of1000_sam3_cosmos3_cosmos3/6s7QHgap2fW/failure/episode-4-sofa-max_steps_reached/metrics.mp4
max_steps_reached,6s7QHgap2fW__ep10_tv_monitor_d2g10.0m.mp4,6s7QHgap2fW,10,tv_monitor,10.044395446777344,0.0,/home/ashed/Documents/cosmos3_nav/OpenFrontier/output/of1000_sam3_cosmos3_cosmos3/6s7QHgap2fW/failure/episode-10-tv_monitor-max_steps_reached/metrics.mp4
max_steps_reached,6s7QHgap2fW__ep17_toilet_d2g24.3m.mp4,6s7QHgap2fW,17,toilet,24.31648826599121,0.0,/home/ashed/Documents/cosmos3_nav/OpenFrontier/output/of1000_sam3_cosmos3_cosmos3/6s7QHgap2fW/failure/episode-17-toilet-max_steps_reached/metrics.mp4
max_steps_reached,6s7QHgap2fW__ep21_toilet_d2g24.5m.mp4,6s7QHgap2fW,21,toilet,24.496767044067383,0.0,/home/ashed/Documents/cosmos3_nav/OpenFrontier/output/of1000_sam3_cosmos3_cosmos3/6s7QHgap2fW/failure/episode-21-toilet-max_steps_reached/metrics.mp4
max_steps_reached,6s7QHgap2fW__ep26_tv_monitor_d2g11.4m.mp4,6s7QHgap2fW,26,tv_monitor,11.358165740966797,0.0,/home/ashed/Documents/cosmos3_nav/OpenFrontier/output/of1000_sam3_cosmos3_cosmos3/6s7QHgap2fW/failure/episode-26-tv_monitor-max_steps_reached/metrics.mp4
max_steps_reached,BAbdmeyTvMZ__ep02_toilet_d2g7.8m.mp4,BAbdmeyTvMZ,2,toilet,7.803015232086182,0.0,/home/ashed/Documents/cosmos3_nav/OpenFrontier/output/of1000_sam3_cosmos3_cosmos3/BAbdmeyTvMZ/failure/episode-2-toilet-max_steps_reached/metrics.mp4
max_steps_reached,BAbdmeyTvMZ__ep12_toilet_d2g5.4m.mp4,BAbdmeyTvMZ,12,toilet,5.350094318389893,0.0,/home/ashed/Documents/cosmos3_nav/OpenFrontier/output/of1000_sam3_cosmos3_cosmos3/BAbdmeyTvMZ/failure/episode-12-toilet-max_steps_reached/metrics.mp4
max_steps_reached,BAbdmeyTvMZ__ep25_tv_monitor_d2g9.4m.mp4,BAbdmeyTvMZ,25,tv_monitor,9.424790382385254,0.0,/home/ashed/Documents/cosmos3_nav/OpenFrontier/output/of1000_sam3_cosmos3_cosmos3/BAbdmeyTvMZ/failure/episode-25-tv_monitor-max_steps_reached/metrics.mp4
max_steps_reached,GLAQ4DNUx5U__ep19_toilet_d2g3.4m.mp4,GLAQ4DNUx5U,19,toilet,3.4438648223876953,0.0,/home/ashed/Documents/cosmos3_nav/OpenFrontier/output/of1000_sam3_cosmos3_cosmos3/GLAQ4DNUx5U/failure/episode-19-toilet-max_steps_reached/metrics.mp4
max_steps_reached,HY1NcmCgn3n__ep06_tv_monitor_d2g8.0m.mp4,HY1NcmCgn3n,6,tv_monitor,7.989619731903076,0.0,/home/ashed/Documents/cosmos3_nav/OpenFrontier/output/of1000_sam3_cosmos3_cosmos3/HY1NcmCgn3n/failure/episode-6-tv_monitor-max_steps_reached/metrics.mp4
max_steps_reached,HY1NcmCgn3n__ep21_tv_monitor_d2g1.9m.mp4,HY1NcmCgn3n,21,tv_monitor,1.8584405183792114,0.0,/home/ashed/Documents/cosmos3_nav/OpenFrontier/output/of1000_sam3_cosmos3_cosmos3/HY1NcmCgn3n/failure/episode-21-tv_monitor-max_steps_reached/metrics.mp4
max_steps_reached,LT9Jq6dN3Ea__ep06_toilet_d2g4.6m.mp4,LT9Jq6dN3Ea,6,toilet,4.580909729003906,0.0,/home/ashed/Documents/cosmos3_nav/OpenFrontier/output/of1000_sam3_cosmos3_cosmos3/LT9Jq6dN3Ea/failure/episode-6-toilet-max_steps_reached/metrics.mp4
max_steps_reached,LT9Jq6dN3Ea__ep08_toilet_d2g5.3m.mp4,LT9Jq6dN3Ea,8,toilet,5.3470587730407715,0.0,/home/ashed/Documents/cosmos3_nav/OpenFrontier/output/of1000_sam3_cosmos3_cosmos3/LT9Jq6dN3Ea/failure/episode-8-toilet-max_steps_reached/metrics.mp4
max_steps_reached,cvZr5TUy5C5__ep04_chair_d2g6.9m.mp4,cvZr5TUy5C5,4,chair,6.861337184906006,0.0,/home/ashed/Documents/cosmos3_nav/OpenFrontier/output/of1000_sam3_cosmos3_cosmos3/cvZr5TUy5C5/failure/episode-4-chair-max_steps_reached/metrics.mp4
max_steps_reached,cvZr5TUy5C5__ep17_chair_d2g2.8m.mp4,cvZr5TUy5C5,17,chair,2.7738733291625977,0.0,/home/ashed/Documents/cosmos3_nav/OpenFrontier/output/of1000_sam3_cosmos3_cosmos3/cvZr5TUy5C5/failure/episode-17-chair-max_steps_reached/metrics.mp4
max_steps_reached,cvZr5TUy5C5__ep19_chair_d2g2.0m.mp4,cvZr5TUy5C5,19,chair,2.0359857082366943,0.0,/home/ashed/Documents/cosmos3_nav/OpenFrontier/output/of1000_sam3_cosmos3_cosmos3/cvZr5TUy5C5/failure/episode-19-chair-max_steps_reached/metrics.mp4
max_steps_reached,eF36g7L6Z9M__ep22_toilet_d2g5.8m.mp4,eF36g7L6Z9M,22,toilet,5.752865791320801,0.0,/home/ashed/Documents/cosmos3_nav/OpenFrontier/output/of1000_sam3_cosmos3_cosmos3/eF36g7L6Z9M/failure/episode-22-toilet-max_steps_reached/metrics.mp4
max_steps_reached,h1zeeAwLh9Z__ep25_toilet_d2g11.1m.mp4,h1zeeAwLh9Z,25,toilet,11.076603889465332,0.0,/home/ashed/Documents/cosmos3_nav/OpenFrontier/output/of1000_sam3_cosmos3_cosmos3/h1zeeAwLh9Z/failure/episode-25-toilet-max_steps_reached/metrics.mp4
max_steps_reached,k1cupFYWXJ6__ep11_sofa_d2g2.5m.mp4,k1cupFYWXJ6,11,sofa,2.513251543045044,0.0,/home/ashed/Documents/cosmos3_nav/OpenFrontier/output/of1000_sam3_cosmos3_cosmos3/k1cupFYWXJ6/failure/episode-11-sofa-max_steps_reached/metrics.mp4
max_steps_reached,mL8ThkuaVTM__ep24_toilet_d2g4.1m.mp4,mL8ThkuaVTM,24,toilet,4.124615669250488,0.0,/home/ashed/Documents/cosmos3_nav/OpenFrontier/output/of1000_sam3_cosmos3_cosmos3/mL8ThkuaVTM/failure/episode-24-toilet-max_steps_reached/metrics.mp4
max_steps_reached,mv2HUxq3B53__ep14_plant_d2g10.1m.mp4,mv2HUxq3B53,14,plant,10.090591430664062,0.0,/home/ashed/Documents/cosmos3_nav/OpenFrontier/output/of1000_sam3_cosmos3_cosmos3/mv2HUxq3B53/failure/episode-14-plant-max_steps_reached/metrics.mp4
max_steps_reached,q5QZSEeHe5g__ep19_tv_monitor_d2g7.8m.mp4,q5QZSEeHe5g,19,tv_monitor,7.772237777709961,0.0,/home/ashed/Documents/cosmos3_nav/OpenFrontier/output/of1000_sam3_cosmos3_cosmos3/q5QZSEeHe5g/failure/episode-19-tv_monitor-max_steps_reached/metrics.mp4
max_steps_reached,q5QZSEeHe5g__ep23_plant_d2g6.7m.mp4,q5QZSEeHe5g,23,plant,6.693551063537598,0.0,/home/ashed/Documents/cosmos3_nav/OpenFrontier/output/of1000_sam3_cosmos3_cosmos3/q5QZSEeHe5g/failure/episode-23-plant-max_steps_reached/metrics.mp4
max_steps_reached,y9hTuugGdiq__ep00_plant_d2g7.0m.mp4,y9hTuugGdiq,0,plant,7.040755748748779,0.0,/home/ashed/Documents/cosmos3_nav/OpenFrontier/output/of1000_sam3_cosmos3_cosmos3/y9hTuugGdiq/failure/episode-0-plant-max_steps_reached/metrics.mp4
max_steps_reached,yr17PDCnDDW__ep03_tv_monitor_d2g5.7m.mp4,yr17PDCnDDW,3,tv_monitor,5.742902755737305,0.0,/home/ashed/Documents/cosmos3_nav/OpenFrontier/output/of1000_sam3_cosmos3_cosmos3/yr17PDCnDDW/failure/episode-3-tv_monitor-max_steps_reached/metrics.mp4
max_steps_reached,yr17PDCnDDW__ep24_tv_monitor_d2g9.7m.mp4,yr17PDCnDDW,24,tv_monitor,9.700124740600586,0.0,/home/ashed/Documents/cosmos3_nav/OpenFrontier/output/of1000_sam3_cosmos3_cosmos3/yr17PDCnDDW/failure/episode-24-tv_monitor-max_steps_reached/metrics.mp4
max_steps_reached,yr17PDCnDDW__ep25_tv_monitor_d2g4.4m.mp4,yr17PDCnDDW,25,tv_monitor,4.402773857116699,0.0,/home/ashed/Documents/cosmos3_nav/OpenFrontier/output/of1000_sam3_cosmos3_cosmos3/yr17PDCnDDW/failure/episode-25-tv_monitor-max_steps_reached/metrics.mp4
no_frontiers,4ok3usBNeis__ep27_sofa_d2g8.4m.mp4,4ok3usBNeis,27,sofa,8.364994049072266,0.0,/home/ashed/Documents/cosmos3_nav/OpenFrontier/output/of1000_sam3_cosmos3_cosmos3/4ok3usBNeis/failure/episode-27-sofa-no_frontiers/metrics.mp4
no_frontiers,LT9Jq6dN3Ea__ep19_sofa_d2g10.6m.mp4,LT9Jq6dN3Ea,19,sofa,10.63713550567627,0.0,/home/ashed/Documents/cosmos3_nav/OpenFrontier/output/of1000_sam3_cosmos3_cosmos3/LT9Jq6dN3Ea/failure/episode-19-sofa-no_frontiers/metrics.mp4
no_frontiers,QaLdnwvtxbs__ep04_bed_d2g12.3m.mp4,QaLdnwvtxbs,4,bed,12.274354934692383,0.0,/home/ashed/Documents/cosmos3_nav/OpenFrontier/output/of1000_sam3_cosmos3_cosmos3/QaLdnwvtxbs/failure/episode-4-bed-no_frontiers/metrics.mp4
no_frontiers,bCPU9suPUw9__ep05_bed_d2g3.3m.mp4,bCPU9suPUw9,5,bed,3.26948618888855,0.0,/home/ashed/Documents/cosmos3_nav/OpenFrontier/output/of1000_sam3_cosmos3_cosmos3/bCPU9suPUw9/failure/episode-5-bed-no_frontiers/metrics.mp4
no_frontiers,eF36g7L6Z9M__ep05_tv_monitor_d2g9.1m.mp4,eF36g7L6Z9M,5,tv_monitor,9.071800231933594,0.0,/home/ashed/Documents/cosmos3_nav/OpenFrontier/output/of1000_sam3_cosmos3_cosmos3/eF36g7L6Z9M/failure/episode-5-tv_monitor-no_frontiers/metrics.mp4
no_frontiers,mL8ThkuaVTM__ep10_sofa_d2g4.7m.mp4,mL8ThkuaVTM,10,sofa,4.682323455810547,0.0,/home/ashed/Documents/cosmos3_nav/OpenFrontier/output/of1000_sam3_cosmos3_cosmos3/mL8ThkuaVTM/failure/episode-10-sofa-no_frontiers/metrics.mp4
no_frontiers,mL8ThkuaVTM__ep12_sofa_d2g5.8m.mp4,mL8ThkuaVTM,12,sofa,5.754389762878418,0.0,/home/ashed/Documents/cosmos3_nav/OpenFrontier/output/of1000_sam3_cosmos3_cosmos3/mL8ThkuaVTM/failure/episode-12-sofa-no_frontiers/metrics.mp4
no_frontiers,p53SfW6mjZe__ep08_tv_monitor_d2g17.4m.mp4,p53SfW6mjZe,8,tv_monitor,17.424163818359375,0.0,/home/ashed/Documents/cosmos3_nav/OpenFrontier/output/of1000_sam3_cosmos3_cosmos3/p53SfW6mjZe/failure/episode-8-tv_monitor-no_frontiers/metrics.mp4
robot_stuck,7MXmsvcQjpJ__ep01_toilet_d2g7.2m.mp4,7MXmsvcQjpJ,1,toilet,7.191497802734375,0.0,/home/ashed/Documents/cosmos3_nav/OpenFrontier/output/of1000_sam3_cosmos3_cosmos3/7MXmsvcQjpJ/failure/episode-1-toilet-robot_stuck/metrics.mp4
robot_stuck,BAbdmeyTvMZ__ep05_tv_monitor_d2g2.8m.mp4,BAbdmeyTvMZ,5,tv_monitor,2.8202197551727295,0.0,/home/ashed/Documents/cosmos3_nav/OpenFrontier/output/of1000_sam3_cosmos3_cosmos3/BAbdmeyTvMZ/failure/episode-5-tv_monitor-robot_stuck/metrics.mp4
robot_stuck,BAbdmeyTvMZ__ep07_tv_monitor_d2g7.9m.mp4,BAbdmeyTvMZ,7,tv_monitor,7.929953098297119,0.0,/home/ashed/Documents/cosmos3_nav/OpenFrontier/output/of1000_sam3_cosmos3_cosmos3/BAbdmeyTvMZ/failure/episode-7-tv_monitor-robot_stuck/metrics.mp4
robot_stuck,BAbdmeyTvMZ__ep23_toilet_d2g4.7m.mp4,BAbdmeyTvMZ,23,toilet,4.691991806030273,0.0,/home/ashed/Documents/cosmos3_nav/OpenFrontier/output/of1000_sam3_cosmos3_cosmos3/BAbdmeyTvMZ/failure/episode-23-toilet-robot_stuck/metrics.mp4
robot_stuck,GLAQ4DNUx5U__ep20_sofa_d2g7.6m.mp4,GLAQ4DNUx5U,20,sofa,7.617214202880859,0.0,/home/ashed/Documents/cosmos3_nav/OpenFrontier/output/of1000_sam3_cosmos3_cosmos3/GLAQ4DNUx5U/failure/episode-20-sofa-robot_stuck/metrics.mp4
robot_stuck,MHPLjHsuG27__ep07_toilet_d2g5.8m.mp4,MHPLjHsuG27,7,toilet,5.785872459411621,0.0,/home/ashed/Documents/cosmos3_nav/OpenFrontier/output/of1000_sam3_cosmos3_cosmos3/MHPLjHsuG27/failure/episode-7-toilet-robot_stuck/metrics.mp4
robot_stuck,Nfvxx8J5NCo__ep26_toilet_d2g18.1m.mp4,Nfvxx8J5NCo,26,toilet,18.08869743347168,0.0,/home/ashed/Documents/cosmos3_nav/OpenFrontier/output/of1000_sam3_cosmos3_cosmos3/Nfvxx8J5NCo/failure/episode-26-toilet-robot_stuck/metrics.mp4
robot_stuck,QaLdnwvtxbs__ep19_sofa_d2g6.4m.mp4,QaLdnwvtxbs,19,sofa,6.358711242675781,0.0,/home/ashed/Documents/cosmos3_nav/OpenFrontier/output/of1000_sam3_cosmos3_cosmos3/QaLdnwvtxbs/failure/episode-19-sofa-robot_stuck/metrics.mp4
robot_stuck,XB4GS9ShBRE__ep25_chair_d2g3.4m.mp4,XB4GS9ShBRE,25,chair,3.44209885597229,0.0,/home/ashed/Documents/cosmos3_nav/OpenFrontier/output/of1000_sam3_cosmos3_cosmos3/XB4GS9ShBRE/failure/episode-25-chair-robot_stuck/metrics.mp4
robot_stuck,a8BtkwhxdRV__ep03_tv_monitor_d2g1.9m.mp4,a8BtkwhxdRV,3,tv_monitor,1.8710252046585083,0.0,/home/ashed/Documents/cosmos3_nav/OpenFrontier/output/of1000_sam3_cosmos3_cosmos3/a8BtkwhxdRV/failure/episode-3-tv_monitor-robot_stuck/metrics.mp4
robot_stuck,k1cupFYWXJ6__ep21_chair_d2g9.4m.mp4,k1cupFYWXJ6,21,chair,9.394817352294922,0.0,/home/ashed/Documents/cosmos3_nav/OpenFrontier/output/of1000_sam3_cosmos3_cosmos3/k1cupFYWXJ6/failure/episode-21-chair-robot_stuck/metrics.mp4
robot_stuck,mL8ThkuaVTM__ep19_chair_d2g1.2m.mp4,mL8ThkuaVTM,19,chair,1.2039071321487427,0.0,/home/ashed/Documents/cosmos3_nav/OpenFrontier/output/of1000_sam3_cosmos3_cosmos3/mL8ThkuaVTM/failure/episode-19-chair-robot_stuck/metrics.mp4
robot_stuck,p53SfW6mjZe__ep21_tv_monitor_d2g9.9m.mp4,p53SfW6mjZe,21,tv_monitor,9.944045066833496,0.0,/home/ashed/Documents/cosmos3_nav/OpenFrontier/output/of1000_sam3_cosmos3_cosmos3/p53SfW6mjZe/failure/episode-21-tv_monitor-robot_stuck/metrics.mp4
robot_stuck,p53SfW6mjZe__ep22_tv_monitor_d2g12.4m.mp4,p53SfW6mjZe,22,tv_monitor,12.377285957336426,0.0,/home/ashed/Documents/cosmos3_nav/OpenFrontier/output/of1000_sam3_cosmos3_cosmos3/p53SfW6mjZe/failure/episode-22-tv_monitor-robot_stuck/metrics.mp4
robot_stuck,q3zU7Yy5E5s__ep16_chair_d2g3.8m.mp4,q3zU7Yy5E5s,16,chair,3.8209826946258545,0.0,/home/ashed/Documents/cosmos3_nav/OpenFrontier/output/of1000_sam3_cosmos3_cosmos3/q3zU7Yy5E5s/failure/episode-16-chair-robot_stuck/metrics.mp4
robot_stuck,qyAac8rV8Zk__ep02_bed_d2g1.4m.mp4,qyAac8rV8Zk,2,bed,1.380326747894287,0.0,/home/ashed/Documents/cosmos3_nav/OpenFrontier/output/of1000_sam3_cosmos3_cosmos3/qyAac8rV8Zk/failure/episode-2-bed-robot_stuck/metrics.mp4
robot_stuck,zt1RVoi7PcG__ep00_bed_d2g1.4m.mp4,zt1RVoi7PcG,0,bed,1.4243407249450684,0.0,/home/ashed/Documents/cosmos3_nav/OpenFrontier/output/of1000_sam3_cosmos3_cosmos3/zt1RVoi7PcG/failure/episode-0-bed-robot_stuck/metrics.mp4
robot_stuck,zt1RVoi7PcG__ep13_tv_monitor_d2g5.1m.mp4,zt1RVoi7PcG,13,tv_monitor,5.066769599914551,0.0,/home/ashed/Documents/cosmos3_nav/OpenFrontier/output/of1000_sam3_cosmos3_cosmos3/zt1RVoi7PcG/failure/episode-13-tv_monitor-robot_stuck/metrics.mp4
